db_file,character_id,primary_name,old_value,new_value,rationale
C:\Users\javie\OneDrive\Documents\Dev_projects\wot-directory\db\wot_book3.db,426,Be'lal,Tairen,,Forsaken from Age of Legends; predates all current nations. 'Tairen' applied his disguise-current-location to his true-identity row. Disguise-as-origin error.
C:\Users\javie\OneDrive\Documents\Dev_projects\wot-directory\db\wot_book3.db,375,Samon,Tairen (implied),,Disguise persona of Be'lal in Tear. Hedged '(implied)' indicates the model itself flagged uncertainty. Disguise origin not_stated is the honest answer.
C:\Users\javie\OneDrive\Documents\Dev_projects\wot-directory\db\wot_book3.db,409,Lord Brend,Illianer (came from near the Murandian border),Illianer,Disguise persona of Sammael in Illian (ruling council member). Bare 'Illianer' is defensible for the disguise; parenthetical 'came from near the Murandian border' is fabricated-looking specificity.
C:\Users\javie\OneDrive\Documents\Dev_projects\wot-directory\db\wot_book3.db,389,Chin Ellisor,Tar Valon (born and bred),Tar Valon,"Origin verified by narrator-voice text quote: 'Chin Ellisor, born and bred in Tar Valon, was not one to question Aes Sedai once they made their intentions clear.' (Bk3 Ch37 'Fires in Cairhien'). Value is correct; parenthetical stripped for short-demonym style consistency."
C:\Users\javie\OneDrive\Documents\Dev_projects\wot-directory\db\wot_book3.db,367,Mara,Heape (fictional story character),,Fictional character within in-universe story; nationality field should not be populated.
C:\Users\javie\OneDrive\Documents\Dev_projects\wot-directory\db\wot_book3.db,370,Kadar,unknown (fictional story character),,Fictional character within in-universe story; clearing placeholder.
C:\Users\javie\OneDrive\Documents\Dev_projects\wot-directory\db\wot_book3.db,368,King Madel,unknown (fictional story character),,Fictional character within in-universe story; clearing placeholder.
C:\Users\javie\OneDrive\Documents\Dev_projects\wot-directory\db\wot_book3.db,369,Orander,unknown (fictional story character),,Fictional character within in-universe story; clearing placeholder.
C:\Users\javie\OneDrive\Documents\Dev_projects\wot-directory\db\wot_book3.db,129,Elaida,unknown (from Tar Valon),,"Placeholder text masquerading as a value. 'Tar Valon' was institutional inference (Aes Sedai HQ), not personal origin. Cleared so placeholder-checks behave correctly."
C:\Users\javie\OneDrive\Documents\Dev_projects\wot-directory\db\wot_book3.db,290,Luthair,Seanchan (historical),,"Luthair Paendrag Mondwin founded Seanchan when Hawkwing sent him across the ocean. The text establishes he founded Seanchan, not that he was from there. 'Seanchan' is institutional, not personal origin. Birthplace unestablished."
C:\Users\javie\OneDrive\Documents\Dev_projects\wot-directory\db\wot_book3.db,307,Deain,Seanchan (historical),,"Deain invented the a'dam and joined Luthair's expedition; she predates Seanchan as a polity. 'Seanchan' is institutional association, not personal origin."
C:\Users\javie\OneDrive\Documents\Dev_projects\wot-directory\db\wot_book3.db,89,Rhea,Borderlands (historical),,Text describes Aemon (of Manetheren) meeting Rhea in the Borderlands; she is local to that area but text does not explicitly establish her as a Borderlands native. Origin not stated in clean form.
C:\Users\javie\OneDrive\Documents\Dev_projects\wot-directory\db\wot_book3.db,380,the caged Aiel,Aiel (from the Waste),Aiel,Stripping redundant parenthetical; Aiel are inherently from the Waste.
C:\Users\javie\OneDrive\Documents\Dev_projects\wot-directory\db\wot_book3.db,236,Maglin Madwen,"Lugard (originally), married a Cairhienin","Lugard, Murandy",Strip extra sociology context (marriage); apply new compound-hierarchy rule for new writes: Lugard is the capital of Murandy.
C:\Users\javie\OneDrive\Documents\Dev_projects\wot-directory\db\wot_book3.db,128,Raimun Holdwin,Andoran (from the local area),Andor,Strip hedge; apply new place-name style for corrected rows.
C:\Users\javie\OneDrive\Documents\Dev_projects\wot-directory\db\wot_book3.db,143,Galadedrid Damodred,Cairhienin (by father) / Andoran (by upbringing),Andor,Per audit decision: Galad's upbringing in Andor is his primary identity; collapse compound to single value; place-name style for corrected rows.
C:\Users\javie\OneDrive\Documents\Dev_projects\wot-directory\db\wot_book3.db,364,Raab,Sea Folk (Atha'an Miere),Atha'an Miere,Use cultural identifier (Atha'an Miere is the Sea Folk's name for themselves); single canonical form.
C:\Users\javie\OneDrive\Documents\Dev_projects\wot-directory\db\wot_book3.db,429,First of Mayene,Mayene (ruler of),Mayene,Strip '(ruler of)' qualifier. The First of Mayene rules from Mayene as its origin and seat. Bare place name aligns with new compound-hierarchy rule.
C:\Users\javie\OneDrive\Documents\Dev_projects\wot-directory\db\wot_book3.db,120,Howal Gode,Whitebridge (from context),"Whitebridge, Andor",Text refers to Gode as 'the Whitebridge merchant'; he operates from Whitebridge in Andor. Apply new compound-hierarchy rule for corrected rows.
C:\Users\javie\OneDrive\Documents\Dev_projects\wot-directory\db\wot_book3.db,195,Alwyn al'Van,Two Rivers (Emond's Field),"Emond's Field, Two Rivers, Andor","Apply new compound-hierarchy rule for corrected rows: village, region, nation."
C:\Users\javie\OneDrive\Documents\Dev_projects\wot-directory\db\wot_book3.db,232,Whatley Eldin,Two Rivers (Emond's Field),"Emond's Field, Two Rivers, Andor",Apply new compound-hierarchy rule for corrected rows.
C:\Users\javie\OneDrive\Documents\Dev_projects\wot-directory\db\wot_book3.db,104,Wil al'Seen,Two Rivers (from Deven Ride),"Deven Ride, Two Rivers, Andor",Apply new compound-hierarchy rule for corrected rows.
C:\Users\javie\OneDrive\Documents\Dev_projects\wot-directory\db\wot_book3.db,248,Malena Aylar,Two Rivers (from Watch Hill),"Watch Hill, Two Rivers, Andor",Apply new compound-hierarchy rule for corrected rows.
C:\Users\javie\OneDrive\Documents\Dev_projects\wot-directory\db\wot_book3.db,326,Simion,Jarra (Ghealdan),"Jarra, Ghealdan",Apply new compound-hierarchy rule for corrected rows.
C:\Users\javie\OneDrive\Documents\Dev_projects\wot-directory\db\wot_book3.db,327,Noam,Jarra (Ghealdan),"Jarra, Ghealdan",Apply new compound-hierarchy rule for corrected rows.
C:\Users\javie\OneDrive\Documents\Dev_projects\wot-directory\db\wot_book3.db,328,Master Harod,Jarra (Ghealdan),"Jarra, Ghealdan",Apply new compound-hierarchy rule for corrected rows.
C:\Users\javie\OneDrive\Documents\Dev_projects\wot-directory\db\wot_book3.db,329,Mother Roon,Jarra (Ghealdan),"Jarra, Ghealdan",Apply new compound-hierarchy rule for corrected rows.
C:\Users\javie\OneDrive\Documents\Dev_projects\wot-directory\db\wot_book3.db,330,Rilith,Jarra (Ghealdan),"Jarra, Ghealdan",Apply new compound-hierarchy rule for corrected rows.
C:\Users\javie\OneDrive\Documents\Dev_projects\wot-directory\db\wot_book3.db,331,Widow Jorath,Jarra (Ghealdan),"Jarra, Ghealdan",Apply new compound-hierarchy rule for corrected rows.
C:\Users\javie\OneDrive\Documents\Dev_projects\wot-directory\db\wot_book3.db,332,Banas,Jarra (Ghealdan),"Jarra, Ghealdan",Apply new compound-hierarchy rule for corrected rows.
C:\Users\javie\OneDrive\Documents\Dev_projects\wot-directory\db\wot_book3.db,333,Nico,Jarra (Ghealdan),"Jarra, Ghealdan",Apply new compound-hierarchy rule for corrected rows.
C:\Users\javie\OneDrive\Documents\Dev_projects\wot-directory\db\wot_book3.db,334,Patrim,Jarra (Ghealdan),"Jarra, Ghealdan",Apply new compound-hierarchy rule for corrected rows.
C:\Users\javie\OneDrive\Documents\Dev_projects\wot-directory\db\wot_book3.db,243,Adeleas,Arafellin (lives in Arafel),Arafel,Strip 'lives in' hedge; apply new place-name style for corrected rows.
C:\Users\javie\OneDrive\Documents\Dev_projects\wot-directory\db\wot_book3.db,244,Vandene,Arafellin (lives in Arafel),Arafel,Strip 'lives in' hedge; apply new place-name style for corrected rows.
C:\Users\javie\OneDrive\Documents\Dev_projects\wot-directory\db\wot_book3.db,379,Mother Leich,Altaran (Remen area),"Remen, Altara","Apply new compound-hierarchy rule for corrected rows: town, nation."
C:\Users\javie\OneDrive\Documents\Dev_projects\wot-directory\db\wot_book3.db,376,Gainor Furlan,Altaran (Remen),"Remen, Altara",Apply new compound-hierarchy rule for corrected rows.
C:\Users\javie\OneDrive\Documents\Dev_projects\wot-directory\db\wot_book3.db,45,Abell Cauthon,Two Rivers,"Two Rivers, Andor","Apply new compound-hierarchy rule: bare 'Two Rivers' expanded to 'Two Rivers, Andor' for full village/region/nation hierarchy. Consistent with the village-prefixed rows just rewritten (Emond's Field, Two Rivers, Andor etc)."
C:\Users\javie\OneDrive\Documents\Dev_projects\wot-directory\db\wot_book3.db,30,Adan al'Caar,Two Rivers,"Two Rivers, Andor","Apply new compound-hierarchy rule: bare 'Two Rivers' expanded to 'Two Rivers, Andor' for full village/region/nation hierarchy. Consistent with the village-prefixed rows just rewritten (Emond's Field, Two Rivers, Andor etc)."
C:\Users\javie\OneDrive\Documents\Dev_projects\wot-directory\db\wot_book3.db,29,Alsbet Luhhan,Two Rivers,"Two Rivers, Andor","Apply new compound-hierarchy rule: bare 'Two Rivers' expanded to 'Two Rivers, Andor' for full village/region/nation hierarchy. Consistent with the village-prefixed rows just rewritten (Emond's Field, Two Rivers, Andor etc)."
C:\Users\javie\OneDrive\Documents\Dev_projects\wot-directory\db\wot_book3.db,39,Bandry Crawe,Two Rivers,"Two Rivers, Andor","Apply new compound-hierarchy rule: bare 'Two Rivers' expanded to 'Two Rivers, Andor' for full village/region/nation hierarchy. Consistent with the village-prefixed rows just rewritten (Emond's Field, Two Rivers, Andor etc)."
C:\Users\javie\OneDrive\Documents\Dev_projects\wot-directory\db\wot_book3.db,46,Berin Thane,Two Rivers,"Two Rivers, Andor","Apply new compound-hierarchy rule: bare 'Two Rivers' expanded to 'Two Rivers, Andor' for full village/region/nation hierarchy. Consistent with the village-prefixed rows just rewritten (Emond's Field, Two Rivers, Andor etc)."
C:\Users\javie\OneDrive\Documents\Dev_projects\wot-directory\db\wot_book3.db,36,Bili Congar,Two Rivers,"Two Rivers, Andor","Apply new compound-hierarchy rule: bare 'Two Rivers' expanded to 'Two Rivers, Andor' for full village/region/nation hierarchy. Consistent with the village-prefixed rows just rewritten (Emond's Field, Two Rivers, Andor etc)."
C:\Users\javie\OneDrive\Documents\Dev_projects\wot-directory\db\wot_book3.db,8,Brandelwyn al'Vere,Two Rivers,"Two Rivers, Andor","Apply new compound-hierarchy rule: bare 'Two Rivers' expanded to 'Two Rivers, Andor' for full village/region/nation hierarchy. Consistent with the village-prefixed rows just rewritten (Emond's Field, Two Rivers, Andor etc)."
C:\Users\javie\OneDrive\Documents\Dev_projects\wot-directory\db\wot_book3.db,10,Cenn Buie,Two Rivers,"Two Rivers, Andor","Apply new compound-hierarchy rule: bare 'Two Rivers' expanded to 'Two Rivers, Andor' for full village/region/nation hierarchy. Consistent with the village-prefixed rows just rewritten (Emond's Field, Two Rivers, Andor etc)."
C:\Users\javie\OneDrive\Documents\Dev_projects\wot-directory\db\wot_book3.db,252,Corin Ayellin,Two Rivers,"Two Rivers, Andor","Apply new compound-hierarchy rule: bare 'Two Rivers' expanded to 'Two Rivers, Andor' for full village/region/nation hierarchy. Consistent with the village-prefixed rows just rewritten (Emond's Field, Two Rivers, Andor etc)."
C:\Users\javie\OneDrive\Documents\Dev_projects\wot-directory\db\wot_book3.db,31,Dag Coplin,Two Rivers,"Two Rivers, Andor","Apply new compound-hierarchy rule: bare 'Two Rivers' expanded to 'Two Rivers, Andor' for full village/region/nation hierarchy. Consistent with the village-prefixed rows just rewritten (Emond's Field, Two Rivers, Andor etc)."
C:\Users\javie\OneDrive\Documents\Dev_projects\wot-directory\db\wot_book3.db,13,Daise Congar,Two Rivers,"Two Rivers, Andor","Apply new compound-hierarchy rule: bare 'Two Rivers' expanded to 'Two Rivers, Andor' for full village/region/nation hierarchy. Consistent with the village-prefixed rows just rewritten (Emond's Field, Two Rivers, Andor etc)."
C:\Users\javie\OneDrive\Documents\Dev_projects\wot-directory\db\wot_book3.db,48,Darl Coplin,Two Rivers,"Two Rivers, Andor","Apply new compound-hierarchy rule: bare 'Two Rivers' expanded to 'Two Rivers, Andor' for full village/region/nation hierarchy. Consistent with the village-prefixed rows just rewritten (Emond's Field, Two Rivers, Andor etc)."
C:\Users\javie\OneDrive\Documents\Dev_projects\wot-directory\db\wot_book3.db,17,Dav,Two Rivers,"Two Rivers, Andor","Apply new compound-hierarchy rule: bare 'Two Rivers' expanded to 'Two Rivers, Andor' for full village/region/nation hierarchy. Consistent with the village-prefixed rows just rewritten (Emond's Field, Two Rivers, Andor etc)."
C:\Users\javie\OneDrive\Documents\Dev_projects\wot-directory\db\wot_book3.db,14,Egwene,Two Rivers,"Two Rivers, Andor","Apply new compound-hierarchy rule: bare 'Two Rivers' expanded to 'Two Rivers, Andor' for full village/region/nation hierarchy. Consistent with the village-prefixed rows just rewritten (Emond's Field, Two Rivers, Andor etc)."
C:\Users\javie\OneDrive\Documents\Dev_projects\wot-directory\db\wot_book3.db,18,Elam Dowtry,Two Rivers,"Two Rivers, Andor","Apply new compound-hierarchy rule: bare 'Two Rivers' expanded to 'Two Rivers, Andor' for full village/region/nation hierarchy. Consistent with the village-prefixed rows just rewritten (Emond's Field, Two Rivers, Andor etc)."
C:\Users\javie\OneDrive\Documents\Dev_projects\wot-directory\db\wot_book3.db,37,Ewal Coplin,Two Rivers,"Two Rivers, Andor","Apply new compound-hierarchy rule: bare 'Two Rivers' expanded to 'Two Rivers, Andor' for full village/region/nation hierarchy. Consistent with the village-prefixed rows just rewritten (Emond's Field, Two Rivers, Andor etc)."
C:\Users\javie\OneDrive\Documents\Dev_projects\wot-directory\db\wot_book3.db,52,Eward Candwin,Two Rivers,"Two Rivers, Andor","Apply new compound-hierarchy rule: bare 'Two Rivers' expanded to 'Two Rivers, Andor' for full village/region/nation hierarchy. Consistent with the village-prefixed rows just rewritten (Emond's Field, Two Rivers, Andor etc)."
C:\Users\javie\OneDrive\Documents\Dev_projects\wot-directory\db\wot_book3.db,24,Ewin Finngar,Two Rivers,"Two Rivers, Andor","Apply new compound-hierarchy rule: bare 'Two Rivers' expanded to 'Two Rivers, Andor' for full village/region/nation hierarchy. Consistent with the village-prefixed rows just rewritten (Emond's Field, Two Rivers, Andor etc)."
C:\Users\javie\OneDrive\Documents\Dev_projects\wot-directory\db\wot_book3.db,22,Haral Luhhan,Two Rivers,"Two Rivers, Andor","Apply new compound-hierarchy rule: bare 'Two Rivers' expanded to 'Two Rivers, Andor' for full village/region/nation hierarchy. Consistent with the village-prefixed rows just rewritten (Emond's Field, Two Rivers, Andor etc)."
C:\Users\javie\OneDrive\Documents\Dev_projects\wot-directory\db\wot_book3.db,49,Hari Coplin,Two Rivers,"Two Rivers, Andor","Apply new compound-hierarchy rule: bare 'Two Rivers' expanded to 'Two Rivers, Andor' for full village/region/nation hierarchy. Consistent with the village-prefixed rows just rewritten (Emond's Field, Two Rivers, Andor etc)."
C:\Users\javie\OneDrive\Documents\Dev_projects\wot-directory\db\wot_book3.db,32,Hu,Two Rivers,"Two Rivers, Andor","Apply new compound-hierarchy rule: bare 'Two Rivers' expanded to 'Two Rivers, Andor' for full village/region/nation hierarchy. Consistent with the village-prefixed rows just rewritten (Emond's Field, Two Rivers, Andor etc)."
C:\Users\javie\OneDrive\Documents\Dev_projects\wot-directory\db\wot_book3.db,351,Jaim Dawtry,Two Rivers,"Two Rivers, Andor","Apply new compound-hierarchy rule: bare 'Two Rivers' expanded to 'Two Rivers, Andor' for full village/region/nation hierarchy. Consistent with the village-prefixed rows just rewritten (Emond's Field, Two Rivers, Andor etc)."
C:\Users\javie\OneDrive\Documents\Dev_projects\wot-directory\db\wot_book3.db,23,Jon Thane,Two Rivers,"Two Rivers, Andor","Apply new compound-hierarchy rule: bare 'Two Rivers' expanded to 'Two Rivers, Andor' for full village/region/nation hierarchy. Consistent with the village-prefixed rows just rewritten (Emond's Field, Two Rivers, Andor etc)."
C:\Users\javie\OneDrive\Documents\Dev_projects\wot-directory\db\wot_book3.db,43,Kari al'Thor,Two Rivers,"Two Rivers, Andor","Apply new compound-hierarchy rule: bare 'Two Rivers' expanded to 'Two Rivers, Andor' for full village/region/nation hierarchy. Consistent with the village-prefixed rows just rewritten (Emond's Field, Two Rivers, Andor etc)."
C:\Users\javie\OneDrive\Documents\Dev_projects\wot-directory\db\wot_book3.db,38,Lem Thane,Two Rivers,"Two Rivers, Andor","Apply new compound-hierarchy rule: bare 'Two Rivers' expanded to 'Two Rivers, Andor' for full village/region/nation hierarchy. Consistent with the village-prefixed rows just rewritten (Emond's Field, Two Rivers, Andor etc)."
C:\Users\javie\OneDrive\Documents\Dev_projects\wot-directory\db\wot_book3.db,299,Marisa Ayellin,Two Rivers,"Two Rivers, Andor","Apply new compound-hierarchy rule: bare 'Two Rivers' expanded to 'Two Rivers, Andor' for full village/region/nation hierarchy. Consistent with the village-prefixed rows just rewritten (Emond's Field, Two Rivers, Andor etc)."
C:\Users\javie\OneDrive\Documents\Dev_projects\wot-directory\db\wot_book3.db,112,Master Aydaer,Two Rivers,"Two Rivers, Andor","Apply new compound-hierarchy rule: bare 'Two Rivers' expanded to 'Two Rivers, Andor' for full village/region/nation hierarchy. Consistent with the village-prefixed rows just rewritten (Emond's Field, Two Rivers, Andor etc)."
C:\Users\javie\OneDrive\Documents\Dev_projects\wot-directory\db\wot_book3.db,9,Matrim Cauthon,Two Rivers,"Two Rivers, Andor","Apply new compound-hierarchy rule: bare 'Two Rivers' expanded to 'Two Rivers, Andor' for full village/region/nation hierarchy. Consistent with the village-prefixed rows just rewritten (Emond's Field, Two Rivers, Andor etc)."
C:\Users\javie\OneDrive\Documents\Dev_projects\wot-directory\db\wot_book3.db,78,Mavra Mallen,Two Rivers,"Two Rivers, Andor","Apply new compound-hierarchy rule: bare 'Two Rivers' expanded to 'Two Rivers, Andor' for full village/region/nation hierarchy. Consistent with the village-prefixed rows just rewritten (Emond's Field, Two Rivers, Andor etc)."
C:\Users\javie\OneDrive\Documents\Dev_projects\wot-directory\db\wot_book3.db,35,Mistress Ayellin,Two Rivers,"Two Rivers, Andor","Apply new compound-hierarchy rule: bare 'Two Rivers' expanded to 'Two Rivers, Andor' for full village/region/nation hierarchy. Consistent with the village-prefixed rows just rewritten (Emond's Field, Two Rivers, Andor etc)."
C:\Users\javie\OneDrive\Documents\Dev_projects\wot-directory\db\wot_book3.db,94,Mistress Barran,Two Rivers,"Two Rivers, Andor","Apply new compound-hierarchy rule: bare 'Two Rivers' expanded to 'Two Rivers, Andor' for full village/region/nation hierarchy. Consistent with the village-prefixed rows just rewritten (Emond's Field, Two Rivers, Andor etc)."
C:\Users\javie\OneDrive\Documents\Dev_projects\wot-directory\db\wot_book3.db,47,Mistress Calder,Two Rivers,"Two Rivers, Andor","Apply new compound-hierarchy rule: bare 'Two Rivers' expanded to 'Two Rivers, Andor' for full village/region/nation hierarchy. Consistent with the village-prefixed rows just rewritten (Emond's Field, Two Rivers, Andor etc)."
C:\Users\javie\OneDrive\Documents\Dev_projects\wot-directory\db\wot_book3.db,19,Mistress al'Donel,Two Rivers,"Two Rivers, Andor","Apply new compound-hierarchy rule: bare 'Two Rivers' expanded to 'Two Rivers, Andor' for full village/region/nation hierarchy. Consistent with the village-prefixed rows just rewritten (Emond's Field, Two Rivers, Andor etc)."
C:\Users\javie\OneDrive\Documents\Dev_projects\wot-directory\db\wot_book3.db,20,Mistress al'Vere,Two Rivers,"Two Rivers, Andor","Apply new compound-hierarchy rule: bare 'Two Rivers' expanded to 'Two Rivers, Andor' for full village/region/nation hierarchy. Consistent with the village-prefixed rows just rewritten (Emond's Field, Two Rivers, Andor etc)."
C:\Users\javie\OneDrive\Documents\Dev_projects\wot-directory\db\wot_book3.db,251,Nela,Two Rivers,"Two Rivers, Andor","Apply new compound-hierarchy rule: bare 'Two Rivers' expanded to 'Two Rivers, Andor' for full village/region/nation hierarchy. Consistent with the village-prefixed rows just rewritten (Emond's Field, Two Rivers, Andor etc)."
C:\Users\javie\OneDrive\Documents\Dev_projects\wot-directory\db\wot_book3.db,11,Nynaeve al'Meara,Two Rivers,"Two Rivers, Andor","Apply new compound-hierarchy rule: bare 'Two Rivers' expanded to 'Two Rivers, Andor' for full village/region/nation hierarchy. Consistent with the village-prefixed rows just rewritten (Emond's Field, Two Rivers, Andor etc)."
C:\Users\javie\OneDrive\Documents\Dev_projects\wot-directory\db\wot_book3.db,41,Oren Dautry,Two Rivers,"Two Rivers, Andor","Apply new compound-hierarchy rule: bare 'Two Rivers' expanded to 'Two Rivers, Andor' for full village/region/nation hierarchy. Consistent with the village-prefixed rows just rewritten (Emond's Field, Two Rivers, Andor etc)."
C:\Users\javie\OneDrive\Documents\Dev_projects\wot-directory\db\wot_book3.db,50,Paet al'Caar,Two Rivers,"Two Rivers, Andor","Apply new compound-hierarchy rule: bare 'Two Rivers' expanded to 'Two Rivers, Andor' for full village/region/nation hierarchy. Consistent with the village-prefixed rows just rewritten (Emond's Field, Two Rivers, Andor etc)."
C:\Users\javie\OneDrive\Documents\Dev_projects\wot-directory\db\wot_book3.db,15,Perrin Aybara,Two Rivers,"Two Rivers, Andor","Apply new compound-hierarchy rule: bare 'Two Rivers' expanded to 'Two Rivers, Andor' for full village/region/nation hierarchy. Consistent with the village-prefixed rows just rewritten (Emond's Field, Two Rivers, Andor etc)."
C:\Users\javie\OneDrive\Documents\Dev_projects\wot-directory\db\wot_book3.db,4,Rand al'Thor,Two Rivers,"Two Rivers, Andor","Apply new compound-hierarchy rule: bare 'Two Rivers' expanded to 'Two Rivers, Andor' for full village/region/nation hierarchy. Consistent with the village-prefixed rows just rewritten (Emond's Field, Two Rivers, Andor etc)."
C:\Users\javie\OneDrive\Documents\Dev_projects\wot-directory\db\wot_book3.db,27,Rowan Hurn,Two Rivers,"Two Rivers, Andor","Apply new compound-hierarchy rule: bare 'Two Rivers' expanded to 'Two Rivers, Andor' for full village/region/nation hierarchy. Consistent with the village-prefixed rows just rewritten (Emond's Field, Two Rivers, Andor etc)."
C:\Users\javie\OneDrive\Documents\Dev_projects\wot-directory\db\wot_book3.db,28,Samel Crawe,Two Rivers,"Two Rivers, Andor","Apply new compound-hierarchy rule: bare 'Two Rivers' expanded to 'Two Rivers, Andor' for full village/region/nation hierarchy. Consistent with the village-prefixed rows just rewritten (Emond's Field, Two Rivers, Andor etc)."
C:\Users\javie\OneDrive\Documents\Dev_projects\wot-directory\db\wot_book3.db,33,Tad,Two Rivers,"Two Rivers, Andor","Apply new compound-hierarchy rule: bare 'Two Rivers' expanded to 'Two Rivers, Andor' for full village/region/nation hierarchy. Consistent with the village-prefixed rows just rewritten (Emond's Field, Two Rivers, Andor etc)."
C:\Users\javie\OneDrive\Documents\Dev_projects\wot-directory\db\wot_book3.db,5,Tam al'Thor,Two Rivers,"Two Rivers, Andor","Apply new compound-hierarchy rule: bare 'Two Rivers' expanded to 'Two Rivers, Andor' for full village/region/nation hierarchy. Consistent with the village-prefixed rows just rewritten (Emond's Field, Two Rivers, Andor etc)."
C:\Users\javie\OneDrive\Documents\Dev_projects\wot-directory\db\wot_book3.db,51,Wil,Two Rivers,"Two Rivers, Andor","Apply new compound-hierarchy rule: bare 'Two Rivers' expanded to 'Two Rivers, Andor' for full village/region/nation hierarchy. Consistent with the village-prefixed rows just rewritten (Emond's Field, Two Rivers, Andor etc)."
C:\Users\javie\OneDrive\Documents\Dev_projects\wot-directory\db\wot_book3.db,12,Wit Congar,Two Rivers,"Two Rivers, Andor","Apply new compound-hierarchy rule: bare 'Two Rivers' expanded to 'Two Rivers, Andor' for full village/region/nation hierarchy. Consistent with the village-prefixed rows just rewritten (Emond's Field, Two Rivers, Andor etc)."
C:\Users\javie\OneDrive\Documents\Dev_projects\wot-directory\db\wot_book3.db,411,the dark-eyed girl,Illianer (implied),,"Text gives no narrator-voice origin statement; only scene-location inference (sings on table at inn, single Bk3 Ch43 appearance). Else-Whitebridge pattern: located-in-Illian became labeled-Illianer without evidence."
C:\Users\javie\OneDrive\Documents\Dev_projects\wot-directory\db\wot_book3.db,420,Juilin Sandar,Tairen (implied),"Maule, Tear",Two textual signals: (1) Mat addresses him as 'Tairen' in dialogue (Bk3 Ch54); (2) Mother Guenna introduces him as 'the most honest man ever born in the Maule' (Bk3 Ch49). The Maule is a district of Tear. Hedged '(implied)' replaced with definitive compound value per new rule.
C:\Users\javie\OneDrive\Documents\Dev_projects\wot-directory\db\wot_book3.db,419,Ailhuin Guenna,Tairen (speaks with Tairen accent),"Maule, Tear","Established as the local Wise Woman of the Maule district of Tear (Bk3 Ch48-52, all appearances in her house in the Maule). Contrastive evidence: in Bk3 Ch48 she tells a visitor 'You're not Tairen' (implying she is). The accent-hedge replaced with definitive compound value per new rule."
C:\Users\javie\OneDrive\Documents\Dev_projects\wot-directory\db\wot_book1.db,107,Queen Morgase,Andoran,Andor,Phase 1 demonym normalization: place name not demonym per compound-hierarchy convention.
C:\Users\javie\OneDrive\Documents\Dev_projects\wot-directory\db\wot_book1.db,121,Hyam Kinch,Andoran,Andor,Phase 1 demonym normalization: place name not demonym per compound-hierarchy convention.
C:\Users\javie\OneDrive\Documents\Dev_projects\wot-directory\db\wot_book1.db,122,Alpert Mull,Andoran,Andor,Phase 1 demonym normalization: place name not demonym per compound-hierarchy convention.
C:\Users\javie\OneDrive\Documents\Dev_projects\wot-directory\db\wot_book1.db,123,Rulan Allwine,Andoran,Andor,Phase 1 demonym normalization: place name not demonym per compound-hierarchy convention.
C:\Users\javie\OneDrive\Documents\Dev_projects\wot-directory\db\wot_book1.db,124,Paitr,Andoran,Andor,Phase 1 demonym normalization: place name not demonym per compound-hierarchy convention.
C:\Users\javie\OneDrive\Documents\Dev_projects\wot-directory\db\wot_book1.db,126,Mother Brune,Andoran,Andor,Phase 1 demonym normalization: place name not demonym per compound-hierarchy convention.
C:\Users\javie\OneDrive\Documents\Dev_projects\wot-directory\db\wot_book1.db,127,Almen Bunt,Andoran,Andor,Phase 1 demonym normalization: place name not demonym per compound-hierarchy convention.
C:\Users\javie\OneDrive\Documents\Dev_projects\wot-directory\db\wot_book1.db,130,Elayne,Andoran,Andor,Phase 1 demonym normalization: place name not demonym per compound-hierarchy convention.
C:\Users\javie\OneDrive\Documents\Dev_projects\wot-directory\db\wot_book1.db,131,Gawyn,Andoran,Andor,Phase 1 demonym normalization: place name not demonym per compound-hierarchy convention.
C:\Users\javie\OneDrive\Documents\Dev_projects\wot-directory\db\wot_book1.db,133,Tigraine,Andoran,Andor,Phase 1 demonym normalization: place name not demonym per compound-hierarchy convention.
C:\Users\javie\OneDrive\Documents\Dev_projects\wot-directory\db\wot_book1.db,134,Luc,Andoran,Andor,Phase 1 demonym normalization: place name not demonym per compound-hierarchy convention.
C:\Users\javie\OneDrive\Documents\Dev_projects\wot-directory\db\wot_book1.db,136,Basel Gill,Andoran,Andor,Phase 1 demonym normalization: place name not demonym per compound-hierarchy convention.
C:\Users\javie\OneDrive\Documents\Dev_projects\wot-directory\db\wot_book1.db,137,Gareth Bryne,Andoran,Andor,Phase 1 demonym normalization: place name not demonym per compound-hierarchy convention.
C:\Users\javie\OneDrive\Documents\Dev_projects\wot-directory\db\wot_book1.db,140,Mother Grubb,Andoran,Andor,Phase 1 demonym normalization: place name not demonym per compound-hierarchy convention.
C:\Users\javie\OneDrive\Documents\Dev_projects\wot-directory\db\wot_book1.db,141,Lamgwin,Andoran,Andor,Phase 1 demonym normalization: place name not demonym per compound-hierarchy convention.
C:\Users\javie\OneDrive\Documents\Dev_projects\wot-directory\db\wot_book1.db,142,Tallanvor,Andoran,Andor,Phase 1 demonym normalization: place name not demonym per compound-hierarchy convention.
C:\Users\javie\OneDrive\Documents\Dev_projects\wot-directory\db\wot_book1.db,144,Lini,Andoran,Andor,Phase 1 demonym normalization: place name not demonym per compound-hierarchy convention.
C:\Users\javie\OneDrive\Documents\Dev_projects\wot-directory\db\wot_book1.db,146,Gilda,Andoran,Andor,Phase 1 demonym normalization: place name not demonym per compound-hierarchy convention.
C:\Users\javie\OneDrive\Documents\Dev_projects\wot-directory\db\wot_book1.db,163,Agelmar,Shienaran,Shienar,Phase 1 demonym normalization: place name not demonym per compound-hierarchy convention.
C:\Users\javie\OneDrive\Documents\Dev_projects\wot-directory\db\wot_book1.db,165,Ingtar,Shienaran,Shienar,Phase 1 demonym normalization: place name not demonym per compound-hierarchy convention.
C:\Users\javie\OneDrive\Documents\Dev_projects\wot-directory\db\wot_book1.db,166,Ragan,Shienaran,Shienar,Phase 1 demonym normalization: place name not demonym per compound-hierarchy convention.
C:\Users\javie\OneDrive\Documents\Dev_projects\wot-directory\db\wot_book1.db,174,Easar,Shienaran,Shienar,Phase 1 demonym normalization: place name not demonym per compound-hierarchy convention.
C:\Users\javie\OneDrive\Documents\Dev_projects\wot-directory\db\wot_book1.db,44,Laman,Cairhienin,Cairhien,Phase 1 demonym normalization: place name not demonym per compound-hierarchy convention.
C:\Users\javie\OneDrive\Documents\Dev_projects\wot-directory\db\wot_book1.db,132,Taringail Damodred,Cairhienin,Cairhien,Phase 1 demonym normalization: place name not demonym per compound-hierarchy convention.
C:\Users\javie\OneDrive\Documents\Dev_projects\wot-directory\db\wot_book1.db,26,Lan,Malkieri,Malkier,Phase 1 demonym normalization: place name not demonym per compound-hierarchy convention.
C:\Users\javie\OneDrive\Documents\Dev_projects\wot-directory\db\wot_book1.db,167,Lain Mandragoran,Malkieri,Malkier,Phase 1 demonym normalization: place name not demonym per compound-hierarchy convention.
C:\Users\javie\OneDrive\Documents\Dev_projects\wot-directory\db\wot_book1.db,168,al'Akir Mandragoran,Malkieri,Malkier,Phase 1 demonym normalization: place name not demonym per compound-hierarchy convention.
C:\Users\javie\OneDrive\Documents\Dev_projects\wot-directory\db\wot_book1.db,169,Breyan,Malkieri,Malkier,Phase 1 demonym normalization: place name not demonym per compound-hierarchy convention.
C:\Users\javie\OneDrive\Documents\Dev_projects\wot-directory\db\wot_book1.db,170,Isam,Malkieri,Malkier,Phase 1 demonym normalization: place name not demonym per compound-hierarchy convention.
C:\Users\javie\OneDrive\Documents\Dev_projects\wot-directory\db\wot_book1.db,171,Cowin Gemallan,Malkieri,Malkier,Phase 1 demonym normalization: place name not demonym per compound-hierarchy convention.
C:\Users\javie\OneDrive\Documents\Dev_projects\wot-directory\db\wot_book1.db,172,el'Leanna,Malkieri,Malkier,Phase 1 demonym normalization: place name not demonym per compound-hierarchy convention.
C:\Users\javie\OneDrive\Documents\Dev_projects\wot-directory\db\wot_book2.db,107,Queen Morgase,Andoran,Andor,Phase 1 demonym normalization: place name not demonym per compound-hierarchy convention.
C:\Users\javie\OneDrive\Documents\Dev_projects\wot-directory\db\wot_book2.db,121,Hyam Kinch,Andoran,Andor,Phase 1 demonym normalization: place name not demonym per compound-hierarchy convention.
C:\Users\javie\OneDrive\Documents\Dev_projects\wot-directory\db\wot_book2.db,122,Alpert Mull,Andoran,Andor,Phase 1 demonym normalization: place name not demonym per compound-hierarchy convention.
C:\Users\javie\OneDrive\Documents\Dev_projects\wot-directory\db\wot_book2.db,123,Rulan Allwine,Andoran,Andor,Phase 1 demonym normalization: place name not demonym per compound-hierarchy convention.
C:\Users\javie\OneDrive\Documents\Dev_projects\wot-directory\db\wot_book2.db,124,Paitr,Andoran,Andor,Phase 1 demonym normalization: place name not demonym per compound-hierarchy convention.
C:\Users\javie\OneDrive\Documents\Dev_projects\wot-directory\db\wot_book2.db,126,Mother Brune,Andoran,Andor,Phase 1 demonym normalization: place name not demonym per compound-hierarchy convention.
C:\Users\javie\OneDrive\Documents\Dev_projects\wot-directory\db\wot_book2.db,127,Almen Bunt,Andoran,Andor,Phase 1 demonym normalization: place name not demonym per compound-hierarchy convention.
C:\Users\javie\OneDrive\Documents\Dev_projects\wot-directory\db\wot_book2.db,130,Elayne,Andoran,Andor,Phase 1 demonym normalization: place name not demonym per compound-hierarchy convention.
C:\Users\javie\OneDrive\Documents\Dev_projects\wot-directory\db\wot_book2.db,131,Gawyn,Andoran,Andor,Phase 1 demonym normalization: place name not demonym per compound-hierarchy convention.
C:\Users\javie\OneDrive\Documents\Dev_projects\wot-directory\db\wot_book2.db,133,Tigraine,Andoran,Andor,Phase 1 demonym normalization: place name not demonym per compound-hierarchy convention.
C:\Users\javie\OneDrive\Documents\Dev_projects\wot-directory\db\wot_book2.db,134,Luc,Andoran,Andor,Phase 1 demonym normalization: place name not demonym per compound-hierarchy convention.
C:\Users\javie\OneDrive\Documents\Dev_projects\wot-directory\db\wot_book2.db,136,Basel Gill,Andoran,Andor,Phase 1 demonym normalization: place name not demonym per compound-hierarchy convention.
C:\Users\javie\OneDrive\Documents\Dev_projects\wot-directory\db\wot_book2.db,137,Gareth Bryne,Andoran,Andor,Phase 1 demonym normalization: place name not demonym per compound-hierarchy convention.
C:\Users\javie\OneDrive\Documents\Dev_projects\wot-directory\db\wot_book2.db,140,Mother Grubb,Andoran,Andor,Phase 1 demonym normalization: place name not demonym per compound-hierarchy convention.
C:\Users\javie\OneDrive\Documents\Dev_projects\wot-directory\db\wot_book2.db,141,Lamgwin,Andoran,Andor,Phase 1 demonym normalization: place name not demonym per compound-hierarchy convention.
C:\Users\javie\OneDrive\Documents\Dev_projects\wot-directory\db\wot_book2.db,142,Tallanvor,Andoran,Andor,Phase 1 demonym normalization: place name not demonym per compound-hierarchy convention.
C:\Users\javie\OneDrive\Documents\Dev_projects\wot-directory\db\wot_book2.db,144,Lini,Andoran,Andor,Phase 1 demonym normalization: place name not demonym per compound-hierarchy convention.
C:\Users\javie\OneDrive\Documents\Dev_projects\wot-directory\db\wot_book2.db,146,Gilda,Andoran,Andor,Phase 1 demonym normalization: place name not demonym per compound-hierarchy convention.
C:\Users\javie\OneDrive\Documents\Dev_projects\wot-directory\db\wot_book2.db,163,Agelmar,Shienaran,Shienar,Phase 1 demonym normalization: place name not demonym per compound-hierarchy convention.
C:\Users\javie\OneDrive\Documents\Dev_projects\wot-directory\db\wot_book2.db,165,Ingtar,Shienaran,Shienar,Phase 1 demonym normalization: place name not demonym per compound-hierarchy convention.
C:\Users\javie\OneDrive\Documents\Dev_projects\wot-directory\db\wot_book2.db,166,Ragan,Shienaran,Shienar,Phase 1 demonym normalization: place name not demonym per compound-hierarchy convention.
C:\Users\javie\OneDrive\Documents\Dev_projects\wot-directory\db\wot_book2.db,174,Easar,Shienaran,Shienar,Phase 1 demonym normalization: place name not demonym per compound-hierarchy convention.
C:\Users\javie\OneDrive\Documents\Dev_projects\wot-directory\db\wot_book2.db,191,Elansu,Shienaran,Shienar,Phase 1 demonym normalization: place name not demonym per compound-hierarchy convention.
C:\Users\javie\OneDrive\Documents\Dev_projects\wot-directory\db\wot_book2.db,192,Ronan,Shienaran,Shienar,Phase 1 demonym normalization: place name not demonym per compound-hierarchy convention.
C:\Users\javie\OneDrive\Documents\Dev_projects\wot-directory\db\wot_book2.db,193,Tema,Shienaran,Shienar,Phase 1 demonym normalization: place name not demonym per compound-hierarchy convention.
C:\Users\javie\OneDrive\Documents\Dev_projects\wot-directory\db\wot_book2.db,194,Amalisa,Shienaran,Shienar,Phase 1 demonym normalization: place name not demonym per compound-hierarchy convention.
C:\Users\javie\OneDrive\Documents\Dev_projects\wot-directory\db\wot_book2.db,196,Uno,Shienaran,Shienar,Phase 1 demonym normalization: place name not demonym per compound-hierarchy convention.
C:\Users\javie\OneDrive\Documents\Dev_projects\wot-directory\db\wot_book2.db,197,Changu,Shienaran,Shienar,Phase 1 demonym normalization: place name not demonym per compound-hierarchy convention.
C:\Users\javie\OneDrive\Documents\Dev_projects\wot-directory\db\wot_book2.db,198,Nidao,Shienaran,Shienar,Phase 1 demonym normalization: place name not demonym per compound-hierarchy convention.
C:\Users\javie\OneDrive\Documents\Dev_projects\wot-directory\db\wot_book2.db,215,Kajin,Shienaran,Shienar,Phase 1 demonym normalization: place name not demonym per compound-hierarchy convention.
C:\Users\javie\OneDrive\Documents\Dev_projects\wot-directory\db\wot_book2.db,216,Timora,Shienaran,Shienar,Phase 1 demonym normalization: place name not demonym per compound-hierarchy convention.
C:\Users\javie\OneDrive\Documents\Dev_projects\wot-directory\db\wot_book2.db,217,Nisura,Shienaran,Shienar,Phase 1 demonym normalization: place name not demonym per compound-hierarchy convention.
C:\Users\javie\OneDrive\Documents\Dev_projects\wot-directory\db\wot_book2.db,221,Hurin,Shienaran,Shienar,Phase 1 demonym normalization: place name not demonym per compound-hierarchy convention.
C:\Users\javie\OneDrive\Documents\Dev_projects\wot-directory\db\wot_book2.db,226,Masema,Shienaran,Shienar,Phase 1 demonym normalization: place name not demonym per compound-hierarchy convention.
C:\Users\javie\OneDrive\Documents\Dev_projects\wot-directory\db\wot_book2.db,228,Melia,Shienaran,Shienar,Phase 1 demonym normalization: place name not demonym per compound-hierarchy convention.
C:\Users\javie\OneDrive\Documents\Dev_projects\wot-directory\db\wot_book2.db,25,Moiraine,Cairhienin,Cairhien,Phase 1 demonym normalization: place name not demonym per compound-hierarchy convention.
C:\Users\javie\OneDrive\Documents\Dev_projects\wot-directory\db\wot_book2.db,44,Laman,Cairhienin,Cairhien,Phase 1 demonym normalization: place name not demonym per compound-hierarchy convention.
C:\Users\javie\OneDrive\Documents\Dev_projects\wot-directory\db\wot_book2.db,132,Taringail Damodred,Cairhienin,Cairhien,Phase 1 demonym normalization: place name not demonym per compound-hierarchy convention.
C:\Users\javie\OneDrive\Documents\Dev_projects\wot-directory\db\wot_book2.db,225,Galldrian su Riatin Rie,Cairhienin,Cairhien,Phase 1 demonym normalization: place name not demonym per compound-hierarchy convention.
C:\Users\javie\OneDrive\Documents\Dev_projects\wot-directory\db\wot_book2.db,234,Selene,Cairhienin,Cairhien,Phase 1 demonym normalization: place name not demonym per compound-hierarchy convention.
C:\Users\javie\OneDrive\Documents\Dev_projects\wot-directory\db\wot_book2.db,237,Aldrin Caldevwin,Cairhienin,Cairhien,Phase 1 demonym normalization: place name not demonym per compound-hierarchy convention.
C:\Users\javie\OneDrive\Documents\Dev_projects\wot-directory\db\wot_book2.db,238,Elricain Tavolin,Cairhienin,Cairhien,Phase 1 demonym normalization: place name not demonym per compound-hierarchy convention.
C:\Users\javie\OneDrive\Documents\Dev_projects\wot-directory\db\wot_book2.db,241,Barin Madwen,Cairhienin,Cairhien,Phase 1 demonym normalization: place name not demonym per compound-hierarchy convention.
C:\Users\javie\OneDrive\Documents\Dev_projects\wot-directory\db\wot_book2.db,256,Asan Sandair,Cairhienin,Cairhien,Phase 1 demonym normalization: place name not demonym per compound-hierarchy convention.
C:\Users\javie\OneDrive\Documents\Dev_projects\wot-directory\db\wot_book2.db,257,Cuale,Cairhienin,Cairhien,Phase 1 demonym normalization: place name not demonym per compound-hierarchy convention.
C:\Users\javie\OneDrive\Documents\Dev_projects\wot-directory\db\wot_book2.db,260,Dena,Cairhienin,Cairhien,Phase 1 demonym normalization: place name not demonym per compound-hierarchy convention.
C:\Users\javie\OneDrive\Documents\Dev_projects\wot-directory\db\wot_book2.db,281,Barthanes,Cairhienin,Cairhien,Phase 1 demonym normalization: place name not demonym per compound-hierarchy convention.
C:\Users\javie\OneDrive\Documents\Dev_projects\wot-directory\db\wot_book2.db,282,Mistress Tiedra,Cairhienin,Cairhien,Phase 1 demonym normalization: place name not demonym per compound-hierarchy convention.
C:\Users\javie\OneDrive\Documents\Dev_projects\wot-directory\db\wot_book2.db,284,Ashin,Cairhienin,Cairhien,Phase 1 demonym normalization: place name not demonym per compound-hierarchy convention.
C:\Users\javie\OneDrive\Documents\Dev_projects\wot-directory\db\wot_book2.db,285,Alaine Chuliandred,Cairhienin,Cairhien,Phase 1 demonym normalization: place name not demonym per compound-hierarchy convention.
C:\Users\javie\OneDrive\Documents\Dev_projects\wot-directory\db\wot_book2.db,286,Belevaere Osiellin,Cairhienin,Cairhien,Phase 1 demonym normalization: place name not demonym per compound-hierarchy convention.
C:\Users\javie\OneDrive\Documents\Dev_projects\wot-directory\db\wot_book2.db,287,Breane Taborwin,Cairhienin,Cairhien,Phase 1 demonym normalization: place name not demonym per compound-hierarchy convention.
C:\Users\javie\OneDrive\Documents\Dev_projects\wot-directory\db\wot_book2.db,289,Ella,Cairhienin,Cairhien,Phase 1 demonym normalization: place name not demonym per compound-hierarchy convention.
C:\Users\javie\OneDrive\Documents\Dev_projects\wot-directory\db\wot_book2.db,26,Lan,Malkieri,Malkier,Phase 1 demonym normalization: place name not demonym per compound-hierarchy convention.
C:\Users\javie\OneDrive\Documents\Dev_projects\wot-directory\db\wot_book2.db,167,Lain Mandragoran,Malkieri,Malkier,Phase 1 demonym normalization: place name not demonym per compound-hierarchy convention.
C:\Users\javie\OneDrive\Documents\Dev_projects\wot-directory\db\wot_book2.db,168,al'Akir Mandragoran,Malkieri,Malkier,Phase 1 demonym normalization: place name not demonym per compound-hierarchy convention.
C:\Users\javie\OneDrive\Documents\Dev_projects\wot-directory\db\wot_book2.db,169,Breyan,Malkieri,Malkier,Phase 1 demonym normalization: place name not demonym per compound-hierarchy convention.
C:\Users\javie\OneDrive\Documents\Dev_projects\wot-directory\db\wot_book2.db,170,Isam,Malkieri,Malkier,Phase 1 demonym normalization: place name not demonym per compound-hierarchy convention.
C:\Users\javie\OneDrive\Documents\Dev_projects\wot-directory\db\wot_book2.db,171,Cowin Gemallan,Malkieri,Malkier,Phase 1 demonym normalization: place name not demonym per compound-hierarchy convention.
C:\Users\javie\OneDrive\Documents\Dev_projects\wot-directory\db\wot_book2.db,172,el'Leanna,Malkieri,Malkier,Phase 1 demonym normalization: place name not demonym per compound-hierarchy convention.
C:\Users\javie\OneDrive\Documents\Dev_projects\wot-directory\db\wot_book2.db,249,Maric,Malkieri,Malkier,Phase 1 demonym normalization: place name not demonym per compound-hierarchy convention.
C:\Users\javie\OneDrive\Documents\Dev_projects\wot-directory\db\wot_book2.db,250,Elnore,Malkieri,Malkier,Phase 1 demonym normalization: place name not demonym per compound-hierarchy convention.
C:\Users\javie\OneDrive\Documents\Dev_projects\wot-directory\db\wot_book2.db,159,Siuan Sanche,Tairen,Tear,Phase 1 demonym normalization: place name not demonym per compound-hierarchy convention.
C:\Users\javie\OneDrive\Documents\Dev_projects\wot-directory\db\wot_book2.db,92,Bayle Domon,Illianer,Illian,Phase 1 demonym normalization: place name not demonym per compound-hierarchy convention.
C:\Users\javie\OneDrive\Documents\Dev_projects\wot-directory\db\wot_book2.db,224,Nieda Sidoro,Illianer,Illian,Phase 1 demonym normalization: place name not demonym per compound-hierarchy convention.
C:\Users\javie\OneDrive\Documents\Dev_projects\wot-directory\db\wot_book2.db,214,Mazrim Taim,Saldaean,Saldaea,Phase 1 demonym normalization: place name not demonym per compound-hierarchy convention.
C:\Users\javie\OneDrive\Documents\Dev_projects\wot-directory\db\wot_book2.db,200,Liandrin,Taraboner,Tarabon,Phase 1 demonym normalization: place name not demonym per compound-hierarchy convention.
C:\Users\javie\OneDrive\Documents\Dev_projects\wot-directory\db\wot_book3.db,107,Queen Morgase,Andoran,Andor,Phase 1 demonym normalization: place name not demonym per compound-hierarchy convention.
C:\Users\javie\OneDrive\Documents\Dev_projects\wot-directory\db\wot_book3.db,121,Hyam Kinch,Andoran,Andor,Phase 1 demonym normalization: place name not demonym per compound-hierarchy convention.
C:\Users\javie\OneDrive\Documents\Dev_projects\wot-directory\db\wot_book3.db,122,Alpert Mull,Andoran,Andor,Phase 1 demonym normalization: place name not demonym per compound-hierarchy convention.
C:\Users\javie\OneDrive\Documents\Dev_projects\wot-directory\db\wot_book3.db,123,Rulan Allwine,Andoran,Andor,Phase 1 demonym normalization: place name not demonym per compound-hierarchy convention.
C:\Users\javie\OneDrive\Documents\Dev_projects\wot-directory\db\wot_book3.db,124,Paitr,Andoran,Andor,Phase 1 demonym normalization: place name not demonym per compound-hierarchy convention.
C:\Users\javie\OneDrive\Documents\Dev_projects\wot-directory\db\wot_book3.db,126,Mother Brune,Andoran,Andor,Phase 1 demonym normalization: place name not demonym per compound-hierarchy convention.
C:\Users\javie\OneDrive\Documents\Dev_projects\wot-directory\db\wot_book3.db,127,Almen Bunt,Andoran,Andor,Phase 1 demonym normalization: place name not demonym per compound-hierarchy convention.
C:\Users\javie\OneDrive\Documents\Dev_projects\wot-directory\db\wot_book3.db,130,Elayne,Andoran,Andor,Phase 1 demonym normalization: place name not demonym per compound-hierarchy convention.
C:\Users\javie\OneDrive\Documents\Dev_projects\wot-directory\db\wot_book3.db,131,Gawyn,Andoran,Andor,Phase 1 demonym normalization: place name not demonym per compound-hierarchy convention.
C:\Users\javie\OneDrive\Documents\Dev_projects\wot-directory\db\wot_book3.db,133,Tigraine,Andoran,Andor,Phase 1 demonym normalization: place name not demonym per compound-hierarchy convention.
C:\Users\javie\OneDrive\Documents\Dev_projects\wot-directory\db\wot_book3.db,134,Luc,Andoran,Andor,Phase 1 demonym normalization: place name not demonym per compound-hierarchy convention.
C:\Users\javie\OneDrive\Documents\Dev_projects\wot-directory\db\wot_book3.db,136,Basel Gill,Andoran,Andor,Phase 1 demonym normalization: place name not demonym per compound-hierarchy convention.
C:\Users\javie\OneDrive\Documents\Dev_projects\wot-directory\db\wot_book3.db,137,Gareth Bryne,Andoran,Andor,Phase 1 demonym normalization: place name not demonym per compound-hierarchy convention.
C:\Users\javie\OneDrive\Documents\Dev_projects\wot-directory\db\wot_book3.db,140,Mother Grubb,Andoran,Andor,Phase 1 demonym normalization: place name not demonym per compound-hierarchy convention.
C:\Users\javie\OneDrive\Documents\Dev_projects\wot-directory\db\wot_book3.db,141,Lamgwin,Andoran,Andor,Phase 1 demonym normalization: place name not demonym per compound-hierarchy convention.
C:\Users\javie\OneDrive\Documents\Dev_projects\wot-directory\db\wot_book3.db,142,Tallanvor,Andoran,Andor,Phase 1 demonym normalization: place name not demonym per compound-hierarchy convention.
C:\Users\javie\OneDrive\Documents\Dev_projects\wot-directory\db\wot_book3.db,144,Lini,Andoran,Andor,Phase 1 demonym normalization: place name not demonym per compound-hierarchy convention.
C:\Users\javie\OneDrive\Documents\Dev_projects\wot-directory\db\wot_book3.db,146,Gilda,Andoran,Andor,Phase 1 demonym normalization: place name not demonym per compound-hierarchy convention.
C:\Users\javie\OneDrive\Documents\Dev_projects\wot-directory\db\wot_book3.db,344,Modrellein,Andoran,Andor,Phase 1 demonym normalization: place name not demonym per compound-hierarchy convention.
C:\Users\javie\OneDrive\Documents\Dev_projects\wot-directory\db\wot_book3.db,416,Elber,Andoran,Andor,Phase 1 demonym normalization: place name not demonym per compound-hierarchy convention.
C:\Users\javie\OneDrive\Documents\Dev_projects\wot-directory\db\wot_book3.db,417,Dyelin,Andoran,Andor,Phase 1 demonym normalization: place name not demonym per compound-hierarchy convention.
C:\Users\javie\OneDrive\Documents\Dev_projects\wot-directory\db\wot_book3.db,163,Agelmar,Shienaran,Shienar,Phase 1 demonym normalization: place name not demonym per compound-hierarchy convention.
C:\Users\javie\OneDrive\Documents\Dev_projects\wot-directory\db\wot_book3.db,165,Ingtar,Shienaran,Shienar,Phase 1 demonym normalization: place name not demonym per compound-hierarchy convention.
C:\Users\javie\OneDrive\Documents\Dev_projects\wot-directory\db\wot_book3.db,166,Ragan,Shienaran,Shienar,Phase 1 demonym normalization: place name not demonym per compound-hierarchy convention.
C:\Users\javie\OneDrive\Documents\Dev_projects\wot-directory\db\wot_book3.db,174,Easar,Shienaran,Shienar,Phase 1 demonym normalization: place name not demonym per compound-hierarchy convention.
C:\Users\javie\OneDrive\Documents\Dev_projects\wot-directory\db\wot_book3.db,191,Elansu,Shienaran,Shienar,Phase 1 demonym normalization: place name not demonym per compound-hierarchy convention.
C:\Users\javie\OneDrive\Documents\Dev_projects\wot-directory\db\wot_book3.db,192,Ronan,Shienaran,Shienar,Phase 1 demonym normalization: place name not demonym per compound-hierarchy convention.
C:\Users\javie\OneDrive\Documents\Dev_projects\wot-directory\db\wot_book3.db,193,Tema,Shienaran,Shienar,Phase 1 demonym normalization: place name not demonym per compound-hierarchy convention.
C:\Users\javie\OneDrive\Documents\Dev_projects\wot-directory\db\wot_book3.db,194,Amalisa,Shienaran,Shienar,Phase 1 demonym normalization: place name not demonym per compound-hierarchy convention.
C:\Users\javie\OneDrive\Documents\Dev_projects\wot-directory\db\wot_book3.db,196,Uno,Shienaran,Shienar,Phase 1 demonym normalization: place name not demonym per compound-hierarchy convention.
C:\Users\javie\OneDrive\Documents\Dev_projects\wot-directory\db\wot_book3.db,197,Changu,Shienaran,Shienar,Phase 1 demonym normalization: place name not demonym per compound-hierarchy convention.
C:\Users\javie\OneDrive\Documents\Dev_projects\wot-directory\db\wot_book3.db,198,Nidao,Shienaran,Shienar,Phase 1 demonym normalization: place name not demonym per compound-hierarchy convention.
C:\Users\javie\OneDrive\Documents\Dev_projects\wot-directory\db\wot_book3.db,215,Kajin,Shienaran,Shienar,Phase 1 demonym normalization: place name not demonym per compound-hierarchy convention.
C:\Users\javie\OneDrive\Documents\Dev_projects\wot-directory\db\wot_book3.db,216,Timora,Shienaran,Shienar,Phase 1 demonym normalization: place name not demonym per compound-hierarchy convention.
C:\Users\javie\OneDrive\Documents\Dev_projects\wot-directory\db\wot_book3.db,217,Nisura,Shienaran,Shienar,Phase 1 demonym normalization: place name not demonym per compound-hierarchy convention.
C:\Users\javie\OneDrive\Documents\Dev_projects\wot-directory\db\wot_book3.db,221,Hurin,Shienaran,Shienar,Phase 1 demonym normalization: place name not demonym per compound-hierarchy convention.
C:\Users\javie\OneDrive\Documents\Dev_projects\wot-directory\db\wot_book3.db,226,Masema,Shienaran,Shienar,Phase 1 demonym normalization: place name not demonym per compound-hierarchy convention.
C:\Users\javie\OneDrive\Documents\Dev_projects\wot-directory\db\wot_book3.db,228,Melia,Shienaran,Shienar,Phase 1 demonym normalization: place name not demonym per compound-hierarchy convention.
C:\Users\javie\OneDrive\Documents\Dev_projects\wot-directory\db\wot_book3.db,319,Masuto,Shienaran,Shienar,Phase 1 demonym normalization: place name not demonym per compound-hierarchy convention.
C:\Users\javie\OneDrive\Documents\Dev_projects\wot-directory\db\wot_book3.db,25,Moiraine,Cairhienin,Cairhien,Phase 1 demonym normalization: place name not demonym per compound-hierarchy convention.
C:\Users\javie\OneDrive\Documents\Dev_projects\wot-directory\db\wot_book3.db,44,Laman,Cairhienin,Cairhien,Phase 1 demonym normalization: place name not demonym per compound-hierarchy convention.
C:\Users\javie\OneDrive\Documents\Dev_projects\wot-directory\db\wot_book3.db,132,Taringail Damodred,Cairhienin,Cairhien,Phase 1 demonym normalization: place name not demonym per compound-hierarchy convention.
C:\Users\javie\OneDrive\Documents\Dev_projects\wot-directory\db\wot_book3.db,225,Galldrian su Riatin Rie,Cairhienin,Cairhien,Phase 1 demonym normalization: place name not demonym per compound-hierarchy convention.
C:\Users\javie\OneDrive\Documents\Dev_projects\wot-directory\db\wot_book3.db,234,Selene,Cairhienin,Cairhien,Phase 1 demonym normalization: place name not demonym per compound-hierarchy convention.
C:\Users\javie\OneDrive\Documents\Dev_projects\wot-directory\db\wot_book3.db,237,Aldrin Caldevwin,Cairhienin,Cairhien,Phase 1 demonym normalization: place name not demonym per compound-hierarchy convention.
C:\Users\javie\OneDrive\Documents\Dev_projects\wot-directory\db\wot_book3.db,238,Elricain Tavolin,Cairhienin,Cairhien,Phase 1 demonym normalization: place name not demonym per compound-hierarchy convention.
C:\Users\javie\OneDrive\Documents\Dev_projects\wot-directory\db\wot_book3.db,241,Barin Madwen,Cairhienin,Cairhien,Phase 1 demonym normalization: place name not demonym per compound-hierarchy convention.
C:\Users\javie\OneDrive\Documents\Dev_projects\wot-directory\db\wot_book3.db,256,Asan Sandair,Cairhienin,Cairhien,Phase 1 demonym normalization: place name not demonym per compound-hierarchy convention.
C:\Users\javie\OneDrive\Documents\Dev_projects\wot-directory\db\wot_book3.db,257,Cuale,Cairhienin,Cairhien,Phase 1 demonym normalization: place name not demonym per compound-hierarchy convention.
C:\Users\javie\OneDrive\Documents\Dev_projects\wot-directory\db\wot_book3.db,260,Dena,Cairhienin,Cairhien,Phase 1 demonym normalization: place name not demonym per compound-hierarchy convention.
C:\Users\javie\OneDrive\Documents\Dev_projects\wot-directory\db\wot_book3.db,281,Barthanes,Cairhienin,Cairhien,Phase 1 demonym normalization: place name not demonym per compound-hierarchy convention.
C:\Users\javie\OneDrive\Documents\Dev_projects\wot-directory\db\wot_book3.db,282,Mistress Tiedra,Cairhienin,Cairhien,Phase 1 demonym normalization: place name not demonym per compound-hierarchy convention.
C:\Users\javie\OneDrive\Documents\Dev_projects\wot-directory\db\wot_book3.db,284,Ashin,Cairhienin,Cairhien,Phase 1 demonym normalization: place name not demonym per compound-hierarchy convention.
C:\Users\javie\OneDrive\Documents\Dev_projects\wot-directory\db\wot_book3.db,285,Alaine Chuliandred,Cairhienin,Cairhien,Phase 1 demonym normalization: place name not demonym per compound-hierarchy convention.
C:\Users\javie\OneDrive\Documents\Dev_projects\wot-directory\db\wot_book3.db,286,Belevaere Osiellin,Cairhienin,Cairhien,Phase 1 demonym normalization: place name not demonym per compound-hierarchy convention.
C:\Users\javie\OneDrive\Documents\Dev_projects\wot-directory\db\wot_book3.db,287,Breane Taborwin,Cairhienin,Cairhien,Phase 1 demonym normalization: place name not demonym per compound-hierarchy convention.
C:\Users\javie\OneDrive\Documents\Dev_projects\wot-directory\db\wot_book3.db,289,Ella,Cairhienin,Cairhien,Phase 1 demonym normalization: place name not demonym per compound-hierarchy convention.
C:\Users\javie\OneDrive\Documents\Dev_projects\wot-directory\db\wot_book3.db,26,Lan,Malkieri,Malkier,Phase 1 demonym normalization: place name not demonym per compound-hierarchy convention.
C:\Users\javie\OneDrive\Documents\Dev_projects\wot-directory\db\wot_book3.db,167,Lain Mandragoran,Malkieri,Malkier,Phase 1 demonym normalization: place name not demonym per compound-hierarchy convention.
C:\Users\javie\OneDrive\Documents\Dev_projects\wot-directory\db\wot_book3.db,168,al'Akir Mandragoran,Malkieri,Malkier,Phase 1 demonym normalization: place name not demonym per compound-hierarchy convention.
C:\Users\javie\OneDrive\Documents\Dev_projects\wot-directory\db\wot_book3.db,169,Breyan,Malkieri,Malkier,Phase 1 demonym normalization: place name not demonym per compound-hierarchy convention.
C:\Users\javie\OneDrive\Documents\Dev_projects\wot-directory\db\wot_book3.db,170,Isam,Malkieri,Malkier,Phase 1 demonym normalization: place name not demonym per compound-hierarchy convention.
C:\Users\javie\OneDrive\Documents\Dev_projects\wot-directory\db\wot_book3.db,171,Cowin Gemallan,Malkieri,Malkier,Phase 1 demonym normalization: place name not demonym per compound-hierarchy convention.
C:\Users\javie\OneDrive\Documents\Dev_projects\wot-directory\db\wot_book3.db,172,el'Leanna,Malkieri,Malkier,Phase 1 demonym normalization: place name not demonym per compound-hierarchy convention.
C:\Users\javie\OneDrive\Documents\Dev_projects\wot-directory\db\wot_book3.db,249,Maric,Malkieri,Malkier,Phase 1 demonym normalization: place name not demonym per compound-hierarchy convention.
C:\Users\javie\OneDrive\Documents\Dev_projects\wot-directory\db\wot_book3.db,250,Elnore,Malkieri,Malkier,Phase 1 demonym normalization: place name not demonym per compound-hierarchy convention.
C:\Users\javie\OneDrive\Documents\Dev_projects\wot-directory\db\wot_book3.db,159,Siuan Sanche,Tairen,Tear,Phase 1 demonym normalization: place name not demonym per compound-hierarchy convention.
C:\Users\javie\OneDrive\Documents\Dev_projects\wot-directory\db\wot_book3.db,371,Huan Mallia,Tairen,Tear,Phase 1 demonym normalization: place name not demonym per compound-hierarchy convention.
C:\Users\javie\OneDrive\Documents\Dev_projects\wot-directory\db\wot_book3.db,421,Leuese Mulan,Tairen,Tear,Phase 1 demonym normalization: place name not demonym per compound-hierarchy convention.
C:\Users\javie\OneDrive\Documents\Dev_projects\wot-directory\db\wot_book3.db,422,Cavan Lopar,Tairen,Tear,Phase 1 demonym normalization: place name not demonym per compound-hierarchy convention.
C:\Users\javie\OneDrive\Documents\Dev_projects\wot-directory\db\wot_book3.db,424,Jurah Haret,Tairen,Tear,Phase 1 demonym normalization: place name not demonym per compound-hierarchy convention.
C:\Users\javie\OneDrive\Documents\Dev_projects\wot-directory\db\wot_book3.db,425,Dermid Ajala,Tairen,Tear,Phase 1 demonym normalization: place name not demonym per compound-hierarchy convention.
C:\Users\javie\OneDrive\Documents\Dev_projects\wot-directory\db\wot_book3.db,430,Darlin,Tairen,Tear,Phase 1 demonym normalization: place name not demonym per compound-hierarchy convention.
C:\Users\javie\OneDrive\Documents\Dev_projects\wot-directory\db\wot_book3.db,92,Bayle Domon,Illianer,Illian,Phase 1 demonym normalization: place name not demonym per compound-hierarchy convention.
C:\Users\javie\OneDrive\Documents\Dev_projects\wot-directory\db\wot_book3.db,224,Nieda Sidoro,Illianer,Illian,Phase 1 demonym normalization: place name not demonym per compound-hierarchy convention.
C:\Users\javie\OneDrive\Documents\Dev_projects\wot-directory\db\wot_book3.db,409,Lord Brend,Illianer,Illian,Phase 1 demonym normalization: place name not demonym per compound-hierarchy convention.
C:\Users\javie\OneDrive\Documents\Dev_projects\wot-directory\db\wot_book3.db,214,Mazrim Taim,Saldaean,Saldaea,Phase 1 demonym normalization: place name not demonym per compound-hierarchy convention.
C:\Users\javie\OneDrive\Documents\Dev_projects\wot-directory\db\wot_book3.db,387,Zarine Bashere,Saldaean,Saldaea,Phase 1 demonym normalization: place name not demonym per compound-hierarchy convention.
C:\Users\javie\OneDrive\Documents\Dev_projects\wot-directory\db\wot_book3.db,200,Liandrin,Taraboner,Tarabon,Phase 1 demonym normalization: place name not demonym per compound-hierarchy convention.
C:\Users\javie\OneDrive\Documents\Dev_projects\wot-directory\db\wot_book1.db,4,Rand al'Thor,Two Rivers,"Two Rivers, Andor","Phase 2 Two-Rivers expansion: bare 'Two Rivers' -> 'Two Rivers, Andor' for full village/region/nation hierarchy. Consistent with book-3 application."
C:\Users\javie\OneDrive\Documents\Dev_projects\wot-directory\db\wot_book1.db,5,Tam al'Thor,Two Rivers,"Two Rivers, Andor","Phase 2 Two-Rivers expansion: bare 'Two Rivers' -> 'Two Rivers, Andor' for full village/region/nation hierarchy. Consistent with book-3 application."
C:\Users\javie\OneDrive\Documents\Dev_projects\wot-directory\db\wot_book1.db,8,Brandelwyn al'Vere,Two Rivers,"Two Rivers, Andor","Phase 2 Two-Rivers expansion: bare 'Two Rivers' -> 'Two Rivers, Andor' for full village/region/nation hierarchy. Consistent with book-3 application."
C:\Users\javie\OneDrive\Documents\Dev_projects\wot-directory\db\wot_book1.db,9,Matrim Cauthon,Two Rivers,"Two Rivers, Andor","Phase 2 Two-Rivers expansion: bare 'Two Rivers' -> 'Two Rivers, Andor' for full village/region/nation hierarchy. Consistent with book-3 application."
C:\Users\javie\OneDrive\Documents\Dev_projects\wot-directory\db\wot_book1.db,10,Cenn Buie,Two Rivers,"Two Rivers, Andor","Phase 2 Two-Rivers expansion: bare 'Two Rivers' -> 'Two Rivers, Andor' for full village/region/nation hierarchy. Consistent with book-3 application."
C:\Users\javie\OneDrive\Documents\Dev_projects\wot-directory\db\wot_book1.db,11,Nynaeve al'Meara,Two Rivers,"Two Rivers, Andor","Phase 2 Two-Rivers expansion: bare 'Two Rivers' -> 'Two Rivers, Andor' for full village/region/nation hierarchy. Consistent with book-3 application."
C:\Users\javie\OneDrive\Documents\Dev_projects\wot-directory\db\wot_book1.db,12,Wit Congar,Two Rivers,"Two Rivers, Andor","Phase 2 Two-Rivers expansion: bare 'Two Rivers' -> 'Two Rivers, Andor' for full village/region/nation hierarchy. Consistent with book-3 application."
C:\Users\javie\OneDrive\Documents\Dev_projects\wot-directory\db\wot_book1.db,13,Daise Congar,Two Rivers,"Two Rivers, Andor","Phase 2 Two-Rivers expansion: bare 'Two Rivers' -> 'Two Rivers, Andor' for full village/region/nation hierarchy. Consistent with book-3 application."
C:\Users\javie\OneDrive\Documents\Dev_projects\wot-directory\db\wot_book1.db,14,Egwene,Two Rivers,"Two Rivers, Andor","Phase 2 Two-Rivers expansion: bare 'Two Rivers' -> 'Two Rivers, Andor' for full village/region/nation hierarchy. Consistent with book-3 application."
C:\Users\javie\OneDrive\Documents\Dev_projects\wot-directory\db\wot_book1.db,15,Perrin Aybara,Two Rivers,"Two Rivers, Andor","Phase 2 Two-Rivers expansion: bare 'Two Rivers' -> 'Two Rivers, Andor' for full village/region/nation hierarchy. Consistent with book-3 application."
C:\Users\javie\OneDrive\Documents\Dev_projects\wot-directory\db\wot_book1.db,17,Dav,Two Rivers,"Two Rivers, Andor","Phase 2 Two-Rivers expansion: bare 'Two Rivers' -> 'Two Rivers, Andor' for full village/region/nation hierarchy. Consistent with book-3 application."
C:\Users\javie\OneDrive\Documents\Dev_projects\wot-directory\db\wot_book1.db,18,Elam Dowtry,Two Rivers,"Two Rivers, Andor","Phase 2 Two-Rivers expansion: bare 'Two Rivers' -> 'Two Rivers, Andor' for full village/region/nation hierarchy. Consistent with book-3 application."
C:\Users\javie\OneDrive\Documents\Dev_projects\wot-directory\db\wot_book1.db,19,Mistress al'Donel,Two Rivers,"Two Rivers, Andor","Phase 2 Two-Rivers expansion: bare 'Two Rivers' -> 'Two Rivers, Andor' for full village/region/nation hierarchy. Consistent with book-3 application."
C:\Users\javie\OneDrive\Documents\Dev_projects\wot-directory\db\wot_book1.db,20,Mistress al'Vere,Two Rivers,"Two Rivers, Andor","Phase 2 Two-Rivers expansion: bare 'Two Rivers' -> 'Two Rivers, Andor' for full village/region/nation hierarchy. Consistent with book-3 application."
C:\Users\javie\OneDrive\Documents\Dev_projects\wot-directory\db\wot_book1.db,22,Haral Luhhan,Two Rivers,"Two Rivers, Andor","Phase 2 Two-Rivers expansion: bare 'Two Rivers' -> 'Two Rivers, Andor' for full village/region/nation hierarchy. Consistent with book-3 application."
C:\Users\javie\OneDrive\Documents\Dev_projects\wot-directory\db\wot_book1.db,23,Jon Thane,Two Rivers,"Two Rivers, Andor","Phase 2 Two-Rivers expansion: bare 'Two Rivers' -> 'Two Rivers, Andor' for full village/region/nation hierarchy. Consistent with book-3 application."
C:\Users\javie\OneDrive\Documents\Dev_projects\wot-directory\db\wot_book1.db,24,Ewin Finngar,Two Rivers,"Two Rivers, Andor","Phase 2 Two-Rivers expansion: bare 'Two Rivers' -> 'Two Rivers, Andor' for full village/region/nation hierarchy. Consistent with book-3 application."
C:\Users\javie\OneDrive\Documents\Dev_projects\wot-directory\db\wot_book1.db,27,Rowan Hurn,Two Rivers,"Two Rivers, Andor","Phase 2 Two-Rivers expansion: bare 'Two Rivers' -> 'Two Rivers, Andor' for full village/region/nation hierarchy. Consistent with book-3 application."
C:\Users\javie\OneDrive\Documents\Dev_projects\wot-directory\db\wot_book1.db,28,Samel Crawe,Two Rivers,"Two Rivers, Andor","Phase 2 Two-Rivers expansion: bare 'Two Rivers' -> 'Two Rivers, Andor' for full village/region/nation hierarchy. Consistent with book-3 application."
C:\Users\javie\OneDrive\Documents\Dev_projects\wot-directory\db\wot_book1.db,29,Alsbet Luhhan,Two Rivers,"Two Rivers, Andor","Phase 2 Two-Rivers expansion: bare 'Two Rivers' -> 'Two Rivers, Andor' for full village/region/nation hierarchy. Consistent with book-3 application."
C:\Users\javie\OneDrive\Documents\Dev_projects\wot-directory\db\wot_book1.db,30,Adan al'Caar,Two Rivers,"Two Rivers, Andor","Phase 2 Two-Rivers expansion: bare 'Two Rivers' -> 'Two Rivers, Andor' for full village/region/nation hierarchy. Consistent with book-3 application."
C:\Users\javie\OneDrive\Documents\Dev_projects\wot-directory\db\wot_book1.db,31,Dag Coplin,Two Rivers,"Two Rivers, Andor","Phase 2 Two-Rivers expansion: bare 'Two Rivers' -> 'Two Rivers, Andor' for full village/region/nation hierarchy. Consistent with book-3 application."
C:\Users\javie\OneDrive\Documents\Dev_projects\wot-directory\db\wot_book1.db,32,Hu,Two Rivers,"Two Rivers, Andor","Phase 2 Two-Rivers expansion: bare 'Two Rivers' -> 'Two Rivers, Andor' for full village/region/nation hierarchy. Consistent with book-3 application."
C:\Users\javie\OneDrive\Documents\Dev_projects\wot-directory\db\wot_book1.db,33,Tad,Two Rivers,"Two Rivers, Andor","Phase 2 Two-Rivers expansion: bare 'Two Rivers' -> 'Two Rivers, Andor' for full village/region/nation hierarchy. Consistent with book-3 application."
C:\Users\javie\OneDrive\Documents\Dev_projects\wot-directory\db\wot_book1.db,35,Mistress Ayellin,Two Rivers,"Two Rivers, Andor","Phase 2 Two-Rivers expansion: bare 'Two Rivers' -> 'Two Rivers, Andor' for full village/region/nation hierarchy. Consistent with book-3 application."
C:\Users\javie\OneDrive\Documents\Dev_projects\wot-directory\db\wot_book1.db,36,Bili Congar,Two Rivers,"Two Rivers, Andor","Phase 2 Two-Rivers expansion: bare 'Two Rivers' -> 'Two Rivers, Andor' for full village/region/nation hierarchy. Consistent with book-3 application."
C:\Users\javie\OneDrive\Documents\Dev_projects\wot-directory\db\wot_book1.db,37,Ewal Coplin,Two Rivers,"Two Rivers, Andor","Phase 2 Two-Rivers expansion: bare 'Two Rivers' -> 'Two Rivers, Andor' for full village/region/nation hierarchy. Consistent with book-3 application."
C:\Users\javie\OneDrive\Documents\Dev_projects\wot-directory\db\wot_book1.db,38,Lem Thane,Two Rivers,"Two Rivers, Andor","Phase 2 Two-Rivers expansion: bare 'Two Rivers' -> 'Two Rivers, Andor' for full village/region/nation hierarchy. Consistent with book-3 application."
C:\Users\javie\OneDrive\Documents\Dev_projects\wot-directory\db\wot_book1.db,39,Bandry Crawe,Two Rivers,"Two Rivers, Andor","Phase 2 Two-Rivers expansion: bare 'Two Rivers' -> 'Two Rivers, Andor' for full village/region/nation hierarchy. Consistent with book-3 application."
C:\Users\javie\OneDrive\Documents\Dev_projects\wot-directory\db\wot_book1.db,41,Oren Dautry,Two Rivers,"Two Rivers, Andor","Phase 2 Two-Rivers expansion: bare 'Two Rivers' -> 'Two Rivers, Andor' for full village/region/nation hierarchy. Consistent with book-3 application."
C:\Users\javie\OneDrive\Documents\Dev_projects\wot-directory\db\wot_book1.db,43,Kari al'Thor,Two Rivers,"Two Rivers, Andor","Phase 2 Two-Rivers expansion: bare 'Two Rivers' -> 'Two Rivers, Andor' for full village/region/nation hierarchy. Consistent with book-3 application."
C:\Users\javie\OneDrive\Documents\Dev_projects\wot-directory\db\wot_book1.db,45,Abell Cauthon,Two Rivers,"Two Rivers, Andor","Phase 2 Two-Rivers expansion: bare 'Two Rivers' -> 'Two Rivers, Andor' for full village/region/nation hierarchy. Consistent with book-3 application."
C:\Users\javie\OneDrive\Documents\Dev_projects\wot-directory\db\wot_book1.db,46,Berin Thane,Two Rivers,"Two Rivers, Andor","Phase 2 Two-Rivers expansion: bare 'Two Rivers' -> 'Two Rivers, Andor' for full village/region/nation hierarchy. Consistent with book-3 application."
C:\Users\javie\OneDrive\Documents\Dev_projects\wot-directory\db\wot_book1.db,47,Mistress Calder,Two Rivers,"Two Rivers, Andor","Phase 2 Two-Rivers expansion: bare 'Two Rivers' -> 'Two Rivers, Andor' for full village/region/nation hierarchy. Consistent with book-3 application."
C:\Users\javie\OneDrive\Documents\Dev_projects\wot-directory\db\wot_book1.db,48,Darl Coplin,Two Rivers,"Two Rivers, Andor","Phase 2 Two-Rivers expansion: bare 'Two Rivers' -> 'Two Rivers, Andor' for full village/region/nation hierarchy. Consistent with book-3 application."
C:\Users\javie\OneDrive\Documents\Dev_projects\wot-directory\db\wot_book1.db,49,Hari Coplin,Two Rivers,"Two Rivers, Andor","Phase 2 Two-Rivers expansion: bare 'Two Rivers' -> 'Two Rivers, Andor' for full village/region/nation hierarchy. Consistent with book-3 application."
C:\Users\javie\OneDrive\Documents\Dev_projects\wot-directory\db\wot_book1.db,50,Paet al'Caar,Two Rivers,"Two Rivers, Andor","Phase 2 Two-Rivers expansion: bare 'Two Rivers' -> 'Two Rivers, Andor' for full village/region/nation hierarchy. Consistent with book-3 application."
C:\Users\javie\OneDrive\Documents\Dev_projects\wot-directory\db\wot_book1.db,51,Wil,Two Rivers,"Two Rivers, Andor","Phase 2 Two-Rivers expansion: bare 'Two Rivers' -> 'Two Rivers, Andor' for full village/region/nation hierarchy. Consistent with book-3 application."
C:\Users\javie\OneDrive\Documents\Dev_projects\wot-directory\db\wot_book1.db,52,Eward Candwin,Two Rivers,"Two Rivers, Andor","Phase 2 Two-Rivers expansion: bare 'Two Rivers' -> 'Two Rivers, Andor' for full village/region/nation hierarchy. Consistent with book-3 application."
C:\Users\javie\OneDrive\Documents\Dev_projects\wot-directory\db\wot_book1.db,78,Mavra Mallen,Two Rivers,"Two Rivers, Andor","Phase 2 Two-Rivers expansion: bare 'Two Rivers' -> 'Two Rivers, Andor' for full village/region/nation hierarchy. Consistent with book-3 application."
C:\Users\javie\OneDrive\Documents\Dev_projects\wot-directory\db\wot_book1.db,94,Mistress Barran,Two Rivers,"Two Rivers, Andor","Phase 2 Two-Rivers expansion: bare 'Two Rivers' -> 'Two Rivers, Andor' for full village/region/nation hierarchy. Consistent with book-3 application."
C:\Users\javie\OneDrive\Documents\Dev_projects\wot-directory\db\wot_book1.db,112,Master Aydaer,Two Rivers,"Two Rivers, Andor","Phase 2 Two-Rivers expansion: bare 'Two Rivers' -> 'Two Rivers, Andor' for full village/region/nation hierarchy. Consistent with book-3 application."
C:\Users\javie\OneDrive\Documents\Dev_projects\wot-directory\db\wot_book2.db,4,Rand al'Thor,Two Rivers,"Two Rivers, Andor","Phase 2 Two-Rivers expansion: bare 'Two Rivers' -> 'Two Rivers, Andor' for full village/region/nation hierarchy. Consistent with book-3 application."
C:\Users\javie\OneDrive\Documents\Dev_projects\wot-directory\db\wot_book2.db,5,Tam al'Thor,Two Rivers,"Two Rivers, Andor","Phase 2 Two-Rivers expansion: bare 'Two Rivers' -> 'Two Rivers, Andor' for full village/region/nation hierarchy. Consistent with book-3 application."
C:\Users\javie\OneDrive\Documents\Dev_projects\wot-directory\db\wot_book2.db,8,Brandelwyn al'Vere,Two Rivers,"Two Rivers, Andor","Phase 2 Two-Rivers expansion: bare 'Two Rivers' -> 'Two Rivers, Andor' for full village/region/nation hierarchy. Consistent with book-3 application."
C:\Users\javie\OneDrive\Documents\Dev_projects\wot-directory\db\wot_book2.db,9,Matrim Cauthon,Two Rivers,"Two Rivers, Andor","Phase 2 Two-Rivers expansion: bare 'Two Rivers' -> 'Two Rivers, Andor' for full village/region/nation hierarchy. Consistent with book-3 application."
C:\Users\javie\OneDrive\Documents\Dev_projects\wot-directory\db\wot_book2.db,10,Cenn Buie,Two Rivers,"Two Rivers, Andor","Phase 2 Two-Rivers expansion: bare 'Two Rivers' -> 'Two Rivers, Andor' for full village/region/nation hierarchy. Consistent with book-3 application."
C:\Users\javie\OneDrive\Documents\Dev_projects\wot-directory\db\wot_book2.db,11,Nynaeve al'Meara,Two Rivers,"Two Rivers, Andor","Phase 2 Two-Rivers expansion: bare 'Two Rivers' -> 'Two Rivers, Andor' for full village/region/nation hierarchy. Consistent with book-3 application."
C:\Users\javie\OneDrive\Documents\Dev_projects\wot-directory\db\wot_book2.db,12,Wit Congar,Two Rivers,"Two Rivers, Andor","Phase 2 Two-Rivers expansion: bare 'Two Rivers' -> 'Two Rivers, Andor' for full village/region/nation hierarchy. Consistent with book-3 application."
C:\Users\javie\OneDrive\Documents\Dev_projects\wot-directory\db\wot_book2.db,13,Daise Congar,Two Rivers,"Two Rivers, Andor","Phase 2 Two-Rivers expansion: bare 'Two Rivers' -> 'Two Rivers, Andor' for full village/region/nation hierarchy. Consistent with book-3 application."
C:\Users\javie\OneDrive\Documents\Dev_projects\wot-directory\db\wot_book2.db,14,Egwene,Two Rivers,"Two Rivers, Andor","Phase 2 Two-Rivers expansion: bare 'Two Rivers' -> 'Two Rivers, Andor' for full village/region/nation hierarchy. Consistent with book-3 application."
C:\Users\javie\OneDrive\Documents\Dev_projects\wot-directory\db\wot_book2.db,15,Perrin Aybara,Two Rivers,"Two Rivers, Andor","Phase 2 Two-Rivers expansion: bare 'Two Rivers' -> 'Two Rivers, Andor' for full village/region/nation hierarchy. Consistent with book-3 application."
C:\Users\javie\OneDrive\Documents\Dev_projects\wot-directory\db\wot_book2.db,17,Dav,Two Rivers,"Two Rivers, Andor","Phase 2 Two-Rivers expansion: bare 'Two Rivers' -> 'Two Rivers, Andor' for full village/region/nation hierarchy. Consistent with book-3 application."
C:\Users\javie\OneDrive\Documents\Dev_projects\wot-directory\db\wot_book2.db,18,Elam Dowtry,Two Rivers,"Two Rivers, Andor","Phase 2 Two-Rivers expansion: bare 'Two Rivers' -> 'Two Rivers, Andor' for full village/region/nation hierarchy. Consistent with book-3 application."
C:\Users\javie\OneDrive\Documents\Dev_projects\wot-directory\db\wot_book2.db,19,Mistress al'Donel,Two Rivers,"Two Rivers, Andor","Phase 2 Two-Rivers expansion: bare 'Two Rivers' -> 'Two Rivers, Andor' for full village/region/nation hierarchy. Consistent with book-3 application."
C:\Users\javie\OneDrive\Documents\Dev_projects\wot-directory\db\wot_book2.db,20,Mistress al'Vere,Two Rivers,"Two Rivers, Andor","Phase 2 Two-Rivers expansion: bare 'Two Rivers' -> 'Two Rivers, Andor' for full village/region/nation hierarchy. Consistent with book-3 application."
C:\Users\javie\OneDrive\Documents\Dev_projects\wot-directory\db\wot_book2.db,22,Haral Luhhan,Two Rivers,"Two Rivers, Andor","Phase 2 Two-Rivers expansion: bare 'Two Rivers' -> 'Two Rivers, Andor' for full village/region/nation hierarchy. Consistent with book-3 application."
C:\Users\javie\OneDrive\Documents\Dev_projects\wot-directory\db\wot_book2.db,23,Jon Thane,Two Rivers,"Two Rivers, Andor","Phase 2 Two-Rivers expansion: bare 'Two Rivers' -> 'Two Rivers, Andor' for full village/region/nation hierarchy. Consistent with book-3 application."
C:\Users\javie\OneDrive\Documents\Dev_projects\wot-directory\db\wot_book2.db,24,Ewin Finngar,Two Rivers,"Two Rivers, Andor","Phase 2 Two-Rivers expansion: bare 'Two Rivers' -> 'Two Rivers, Andor' for full village/region/nation hierarchy. Consistent with book-3 application."
C:\Users\javie\OneDrive\Documents\Dev_projects\wot-directory\db\wot_book2.db,27,Rowan Hurn,Two Rivers,"Two Rivers, Andor","Phase 2 Two-Rivers expansion: bare 'Two Rivers' -> 'Two Rivers, Andor' for full village/region/nation hierarchy. Consistent with book-3 application."
C:\Users\javie\OneDrive\Documents\Dev_projects\wot-directory\db\wot_book2.db,28,Samel Crawe,Two Rivers,"Two Rivers, Andor","Phase 2 Two-Rivers expansion: bare 'Two Rivers' -> 'Two Rivers, Andor' for full village/region/nation hierarchy. Consistent with book-3 application."
C:\Users\javie\OneDrive\Documents\Dev_projects\wot-directory\db\wot_book2.db,29,Alsbet Luhhan,Two Rivers,"Two Rivers, Andor","Phase 2 Two-Rivers expansion: bare 'Two Rivers' -> 'Two Rivers, Andor' for full village/region/nation hierarchy. Consistent with book-3 application."
C:\Users\javie\OneDrive\Documents\Dev_projects\wot-directory\db\wot_book2.db,30,Adan al'Caar,Two Rivers,"Two Rivers, Andor","Phase 2 Two-Rivers expansion: bare 'Two Rivers' -> 'Two Rivers, Andor' for full village/region/nation hierarchy. Consistent with book-3 application."
C:\Users\javie\OneDrive\Documents\Dev_projects\wot-directory\db\wot_book2.db,31,Dag Coplin,Two Rivers,"Two Rivers, Andor","Phase 2 Two-Rivers expansion: bare 'Two Rivers' -> 'Two Rivers, Andor' for full village/region/nation hierarchy. Consistent with book-3 application."
C:\Users\javie\OneDrive\Documents\Dev_projects\wot-directory\db\wot_book2.db,32,Hu,Two Rivers,"Two Rivers, Andor","Phase 2 Two-Rivers expansion: bare 'Two Rivers' -> 'Two Rivers, Andor' for full village/region/nation hierarchy. Consistent with book-3 application."
C:\Users\javie\OneDrive\Documents\Dev_projects\wot-directory\db\wot_book2.db,33,Tad,Two Rivers,"Two Rivers, Andor","Phase 2 Two-Rivers expansion: bare 'Two Rivers' -> 'Two Rivers, Andor' for full village/region/nation hierarchy. Consistent with book-3 application."
C:\Users\javie\OneDrive\Documents\Dev_projects\wot-directory\db\wot_book2.db,35,Mistress Ayellin,Two Rivers,"Two Rivers, Andor","Phase 2 Two-Rivers expansion: bare 'Two Rivers' -> 'Two Rivers, Andor' for full village/region/nation hierarchy. Consistent with book-3 application."
C:\Users\javie\OneDrive\Documents\Dev_projects\wot-directory\db\wot_book2.db,36,Bili Congar,Two Rivers,"Two Rivers, Andor","Phase 2 Two-Rivers expansion: bare 'Two Rivers' -> 'Two Rivers, Andor' for full village/region/nation hierarchy. Consistent with book-3 application."
C:\Users\javie\OneDrive\Documents\Dev_projects\wot-directory\db\wot_book2.db,37,Ewal Coplin,Two Rivers,"Two Rivers, Andor","Phase 2 Two-Rivers expansion: bare 'Two Rivers' -> 'Two Rivers, Andor' for full village/region/nation hierarchy. Consistent with book-3 application."
C:\Users\javie\OneDrive\Documents\Dev_projects\wot-directory\db\wot_book2.db,38,Lem Thane,Two Rivers,"Two Rivers, Andor","Phase 2 Two-Rivers expansion: bare 'Two Rivers' -> 'Two Rivers, Andor' for full village/region/nation hierarchy. Consistent with book-3 application."
C:\Users\javie\OneDrive\Documents\Dev_projects\wot-directory\db\wot_book2.db,39,Bandry Crawe,Two Rivers,"Two Rivers, Andor","Phase 2 Two-Rivers expansion: bare 'Two Rivers' -> 'Two Rivers, Andor' for full village/region/nation hierarchy. Consistent with book-3 application."
C:\Users\javie\OneDrive\Documents\Dev_projects\wot-directory\db\wot_book2.db,41,Oren Dautry,Two Rivers,"Two Rivers, Andor","Phase 2 Two-Rivers expansion: bare 'Two Rivers' -> 'Two Rivers, Andor' for full village/region/nation hierarchy. Consistent with book-3 application."
C:\Users\javie\OneDrive\Documents\Dev_projects\wot-directory\db\wot_book2.db,43,Kari al'Thor,Two Rivers,"Two Rivers, Andor","Phase 2 Two-Rivers expansion: bare 'Two Rivers' -> 'Two Rivers, Andor' for full village/region/nation hierarchy. Consistent with book-3 application."
C:\Users\javie\OneDrive\Documents\Dev_projects\wot-directory\db\wot_book2.db,45,Abell Cauthon,Two Rivers,"Two Rivers, Andor","Phase 2 Two-Rivers expansion: bare 'Two Rivers' -> 'Two Rivers, Andor' for full village/region/nation hierarchy. Consistent with book-3 application."
C:\Users\javie\OneDrive\Documents\Dev_projects\wot-directory\db\wot_book2.db,46,Berin Thane,Two Rivers,"Two Rivers, Andor","Phase 2 Two-Rivers expansion: bare 'Two Rivers' -> 'Two Rivers, Andor' for full village/region/nation hierarchy. Consistent with book-3 application."
C:\Users\javie\OneDrive\Documents\Dev_projects\wot-directory\db\wot_book2.db,47,Mistress Calder,Two Rivers,"Two Rivers, Andor","Phase 2 Two-Rivers expansion: bare 'Two Rivers' -> 'Two Rivers, Andor' for full village/region/nation hierarchy. Consistent with book-3 application."
C:\Users\javie\OneDrive\Documents\Dev_projects\wot-directory\db\wot_book2.db,48,Darl Coplin,Two Rivers,"Two Rivers, Andor","Phase 2 Two-Rivers expansion: bare 'Two Rivers' -> 'Two Rivers, Andor' for full village/region/nation hierarchy. Consistent with book-3 application."
C:\Users\javie\OneDrive\Documents\Dev_projects\wot-directory\db\wot_book2.db,49,Hari Coplin,Two Rivers,"Two Rivers, Andor","Phase 2 Two-Rivers expansion: bare 'Two Rivers' -> 'Two Rivers, Andor' for full village/region/nation hierarchy. Consistent with book-3 application."
C:\Users\javie\OneDrive\Documents\Dev_projects\wot-directory\db\wot_book2.db,50,Paet al'Caar,Two Rivers,"Two Rivers, Andor","Phase 2 Two-Rivers expansion: bare 'Two Rivers' -> 'Two Rivers, Andor' for full village/region/nation hierarchy. Consistent with book-3 application."
C:\Users\javie\OneDrive\Documents\Dev_projects\wot-directory\db\wot_book2.db,51,Wil,Two Rivers,"Two Rivers, Andor","Phase 2 Two-Rivers expansion: bare 'Two Rivers' -> 'Two Rivers, Andor' for full village/region/nation hierarchy. Consistent with book-3 application."
C:\Users\javie\OneDrive\Documents\Dev_projects\wot-directory\db\wot_book2.db,52,Eward Candwin,Two Rivers,"Two Rivers, Andor","Phase 2 Two-Rivers expansion: bare 'Two Rivers' -> 'Two Rivers, Andor' for full village/region/nation hierarchy. Consistent with book-3 application."
C:\Users\javie\OneDrive\Documents\Dev_projects\wot-directory\db\wot_book2.db,78,Mavra Mallen,Two Rivers,"Two Rivers, Andor","Phase 2 Two-Rivers expansion: bare 'Two Rivers' -> 'Two Rivers, Andor' for full village/region/nation hierarchy. Consistent with book-3 application."
C:\Users\javie\OneDrive\Documents\Dev_projects\wot-directory\db\wot_book2.db,94,Mistress Barran,Two Rivers,"Two Rivers, Andor","Phase 2 Two-Rivers expansion: bare 'Two Rivers' -> 'Two Rivers, Andor' for full village/region/nation hierarchy. Consistent with book-3 application."
C:\Users\javie\OneDrive\Documents\Dev_projects\wot-directory\db\wot_book2.db,112,Master Aydaer,Two Rivers,"Two Rivers, Andor","Phase 2 Two-Rivers expansion: bare 'Two Rivers' -> 'Two Rivers, Andor' for full village/region/nation hierarchy. Consistent with book-3 application."
C:\Users\javie\OneDrive\Documents\Dev_projects\wot-directory\db\wot_book2.db,251,Nela,Two Rivers,"Two Rivers, Andor","Phase 2 Two-Rivers expansion: bare 'Two Rivers' -> 'Two Rivers, Andor' for full village/region/nation hierarchy. Consistent with book-3 application."
C:\Users\javie\OneDrive\Documents\Dev_projects\wot-directory\db\wot_book2.db,252,Corin Ayellin,Two Rivers,"Two Rivers, Andor","Phase 2 Two-Rivers expansion: bare 'Two Rivers' -> 'Two Rivers, Andor' for full village/region/nation hierarchy. Consistent with book-3 application."
C:\Users\javie\OneDrive\Documents\Dev_projects\wot-directory\db\wot_book2.db,299,Marisa Ayellin,Two Rivers,"Two Rivers, Andor","Phase 2 Two-Rivers expansion: bare 'Two Rivers' -> 'Two Rivers, Andor' for full village/region/nation hierarchy. Consistent with book-3 application."
C:\Users\javie\OneDrive\Documents\Dev_projects\wot-directory\db\wot_book1.db,60,Avin,Baerlon (presumably),"Baerlon, Andor",Phase 3: strip '(presumably)' hedge and apply compound-hierarchy: Baerlon is a town in Andor.
C:\Users\javie\OneDrive\Documents\Dev_projects\wot-directory\db\wot_book1.db,61,Master Fitch,Baerlon (presumably),"Baerlon, Andor",Phase 3: strip '(presumably)' hedge and apply compound-hierarchy: Baerlon is a town in Andor.
C:\Users\javie\OneDrive\Documents\Dev_projects\wot-directory\db\wot_book1.db,62,Mutch,Baerlon (presumably),"Baerlon, Andor",Phase 3: strip '(presumably)' hedge and apply compound-hierarchy: Baerlon is a town in Andor.
C:\Users\javie\OneDrive\Documents\Dev_projects\wot-directory\db\wot_book1.db,64,Min,Baerlon (presumably),"Baerlon, Andor",Phase 3: strip '(presumably)' hedge and apply compound-hierarchy: Baerlon is a town in Andor.
C:\Users\javie\OneDrive\Documents\Dev_projects\wot-directory\db\wot_book1.db,68,Mari,Baerlon (presumably),"Baerlon, Andor",Phase 3: strip '(presumably)' hedge and apply compound-hierarchy: Baerlon is a town in Andor.
C:\Users\javie\OneDrive\Documents\Dev_projects\wot-directory\db\wot_book1.db,69,Cinda,Baerlon (presumably),"Baerlon, Andor",Phase 3: strip '(presumably)' hedge and apply compound-hierarchy: Baerlon is a town in Andor.
C:\Users\javie\OneDrive\Documents\Dev_projects\wot-directory\db\wot_book1.db,75,Sara,Baerlon (presumably),"Baerlon, Andor",Phase 3: strip '(presumably)' hedge and apply compound-hierarchy: Baerlon is a town in Andor.
C:\Users\javie\OneDrive\Documents\Dev_projects\wot-directory\db\wot_book1.db,63,Ara,Baerlon,"Baerlon, Andor",Phase 3: bare Baerlon -> compound-hierarchy with nation. Baerlon is a town in Andor.
C:\Users\javie\OneDrive\Documents\Dev_projects\wot-directory\db\wot_book1.db,66,Governor Adan,Baerlon,"Baerlon, Andor",Phase 3: bare Baerlon -> compound-hierarchy with nation. Baerlon is a town in Andor.
C:\Users\javie\OneDrive\Documents\Dev_projects\wot-directory\db\wot_book1.db,84,Arin,Baerlon,"Baerlon, Andor",Phase 3: bare Baerlon -> compound-hierarchy with nation. Baerlon is a town in Andor.
C:\Users\javie\OneDrive\Documents\Dev_projects\wot-directory\db\wot_book1.db,85,Dar,Baerlon,"Baerlon, Andor",Phase 3: bare Baerlon -> compound-hierarchy with nation. Baerlon is a town in Andor.
C:\Users\javie\OneDrive\Documents\Dev_projects\wot-directory\db\wot_book1.db,16,Thom Merrilin,from Baerlon area,"Baerlon, Andor",Phase 3: strip 'from ... area' style; apply compound-hierarchy. Baerlon is a town in Andor.
C:\Users\javie\OneDrive\Documents\Dev_projects\wot-directory\db\wot_book1.db,128,Raimun Holdwin,Andoran (from the local area),Andor,Phase 3: strip 'from the local area' hedge and normalize demonym to place name.
C:\Users\javie\OneDrive\Documents\Dev_projects\wot-directory\db\wot_book1.db,54,Aemon al Caar al Thorin,Manetheren (historical),Manetheren,Phase 3: strip '(historical)' suffix. Manetheren is a destroyed nation but origin-identification is still meaningful (character has Manetheren heritage).
C:\Users\javie\OneDrive\Documents\Dev_projects\wot-directory\db\wot_book1.db,55,Eldrene ay Ellan ay Carlan,Manetheren (historical),Manetheren,Phase 3: strip '(historical)' suffix. Manetheren is a destroyed nation but origin-identification is still meaningful (character has Manetheren heritage).
C:\Users\javie\OneDrive\Documents\Dev_projects\wot-directory\db\wot_book1.db,88,Caar,Manetheren (historical),Manetheren,Phase 3: strip '(historical)' suffix. Manetheren is a destroyed nation but origin-identification is still meaningful (character has Manetheren heritage).
C:\Users\javie\OneDrive\Documents\Dev_projects\wot-directory\db\wot_book1.db,90,Thorin al'Toren al Ban,Manetheren (historical),Manetheren,Phase 3: strip '(historical)' suffix. Manetheren is a destroyed nation but origin-identification is still meaningful (character has Manetheren heritage).
C:\Users\javie\OneDrive\Documents\Dev_projects\wot-directory\db\wot_book1.db,86,Mordeth,Aridhol (historical),Aridhol,Phase 3: strip '(historical)' suffix. Aridhol is a destroyed/cursed nation but origin-identification remains meaningful.
C:\Users\javie\OneDrive\Documents\Dev_projects\wot-directory\db\wot_book1.db,87,Balwen Mayel,Aridhol (historical),Aridhol,Phase 3: strip '(historical)' suffix. Aridhol is a destroyed/cursed nation but origin-identification remains meaningful.
C:\Users\javie\OneDrive\Documents\Dev_projects\wot-directory\db\wot_book1.db,120,Howal Gode,Whitebridge (from context),"Whitebridge, Andor",Phase 3: strip 'from context' hedge and apply compound-hierarchy. Howal Gode pattern; consistent with book-3 application.
C:\Users\javie\OneDrive\Documents\Dev_projects\wot-directory\db\wot_book1.db,104,Wil al'Seen,Two Rivers (from Deven Ride),"Deven Ride, Two Rivers, Andor","Phase 3: compound-hierarchy expansion: village, region, nation. Consistent with book-3 application."
C:\Users\javie\OneDrive\Documents\Dev_projects\wot-directory\db\wot_book1.db,143,Galadedrid Damodred,Cairhienin (by father) / Andoran (by upbringing),Andor,Phase 3: Galadedrid Damodred. Collapse compound; upbringing in Andor is primary identity. Consistent with book-3 application.
C:\Users\javie\OneDrive\Documents\Dev_projects\wot-directory\db\wot_book2.db,60,Avin,Baerlon (presumably),"Baerlon, Andor",Phase 3: strip '(presumably)' hedge and apply compound-hierarchy: Baerlon is a town in Andor.
C:\Users\javie\OneDrive\Documents\Dev_projects\wot-directory\db\wot_book2.db,61,Master Fitch,Baerlon (presumably),"Baerlon, Andor",Phase 3: strip '(presumably)' hedge and apply compound-hierarchy: Baerlon is a town in Andor.
C:\Users\javie\OneDrive\Documents\Dev_projects\wot-directory\db\wot_book2.db,62,Mutch,Baerlon (presumably),"Baerlon, Andor",Phase 3: strip '(presumably)' hedge and apply compound-hierarchy: Baerlon is a town in Andor.
C:\Users\javie\OneDrive\Documents\Dev_projects\wot-directory\db\wot_book2.db,64,Min,Baerlon (presumably),"Baerlon, Andor",Phase 3: strip '(presumably)' hedge and apply compound-hierarchy: Baerlon is a town in Andor.
C:\Users\javie\OneDrive\Documents\Dev_projects\wot-directory\db\wot_book2.db,68,Mari,Baerlon (presumably),"Baerlon, Andor",Phase 3: strip '(presumably)' hedge and apply compound-hierarchy: Baerlon is a town in Andor.
C:\Users\javie\OneDrive\Documents\Dev_projects\wot-directory\db\wot_book2.db,69,Cinda,Baerlon (presumably),"Baerlon, Andor",Phase 3: strip '(presumably)' hedge and apply compound-hierarchy: Baerlon is a town in Andor.
C:\Users\javie\OneDrive\Documents\Dev_projects\wot-directory\db\wot_book2.db,75,Sara,Baerlon (presumably),"Baerlon, Andor",Phase 3: strip '(presumably)' hedge and apply compound-hierarchy: Baerlon is a town in Andor.
C:\Users\javie\OneDrive\Documents\Dev_projects\wot-directory\db\wot_book2.db,63,Ara,Baerlon,"Baerlon, Andor",Phase 3: bare Baerlon -> compound-hierarchy with nation. Baerlon is a town in Andor.
C:\Users\javie\OneDrive\Documents\Dev_projects\wot-directory\db\wot_book2.db,66,Governor Adan,Baerlon,"Baerlon, Andor",Phase 3: bare Baerlon -> compound-hierarchy with nation. Baerlon is a town in Andor.
C:\Users\javie\OneDrive\Documents\Dev_projects\wot-directory\db\wot_book2.db,84,Arin,Baerlon,"Baerlon, Andor",Phase 3: bare Baerlon -> compound-hierarchy with nation. Baerlon is a town in Andor.
C:\Users\javie\OneDrive\Documents\Dev_projects\wot-directory\db\wot_book2.db,85,Dar,Baerlon,"Baerlon, Andor",Phase 3: bare Baerlon -> compound-hierarchy with nation. Baerlon is a town in Andor.
C:\Users\javie\OneDrive\Documents\Dev_projects\wot-directory\db\wot_book2.db,16,Thom Merrilin,from Baerlon area,"Baerlon, Andor",Phase 3: strip 'from ... area' style; apply compound-hierarchy. Baerlon is a town in Andor.
C:\Users\javie\OneDrive\Documents\Dev_projects\wot-directory\db\wot_book2.db,239,Catrine,Cairhienin (presumably),Cairhien,Phase 3: strip '(presumably)' hedge and normalize demonym to place name.
C:\Users\javie\OneDrive\Documents\Dev_projects\wot-directory\db\wot_book2.db,240,Lidan,Cairhienin (presumably),Cairhien,Phase 3: strip '(presumably)' hedge and normalize demonym to place name.
C:\Users\javie\OneDrive\Documents\Dev_projects\wot-directory\db\wot_book2.db,262,Seaghan,Cairhienin (presumably),Cairhien,Phase 3: strip '(presumably)' hedge and normalize demonym to place name.
C:\Users\javie\OneDrive\Documents\Dev_projects\wot-directory\db\wot_book2.db,263,Ivon,Cairhienin (presumably),Cairhien,Phase 3: strip '(presumably)' hedge and normalize demonym to place name.
C:\Users\javie\OneDrive\Documents\Dev_projects\wot-directory\db\wot_book2.db,264,Lady Arilyn,Cairhienin (presumably),Cairhien,Phase 3: strip '(presumably)' hedge and normalize demonym to place name.
C:\Users\javie\OneDrive\Documents\Dev_projects\wot-directory\db\wot_book2.db,242,Mother Caredwain,Tremonsien (presumably),Tremonsien,Phase 3: strip '(presumably)' hedge. Tremonsien is a place name (village/town); kept bare.
C:\Users\javie\OneDrive\Documents\Dev_projects\wot-directory\db\wot_book2.db,128,Raimun Holdwin,Andoran (from the local area),Andor,Phase 3: strip 'from the local area' hedge and normalize demonym to place name.
C:\Users\javie\OneDrive\Documents\Dev_projects\wot-directory\db\wot_book2.db,243,Adeleas,Arafellin (lives in Arafel),Arafel,Phase 3: strip 'lives in Arafel' hedge and normalize demonym to place name.
C:\Users\javie\OneDrive\Documents\Dev_projects\wot-directory\db\wot_book2.db,244,Vandene,Arafellin (lives in Arafel),Arafel,Phase 3: strip 'lives in Arafel' hedge and normalize demonym to place name.
C:\Users\javie\OneDrive\Documents\Dev_projects\wot-directory\db\wot_book2.db,54,Aemon al Caar al Thorin,Manetheren (historical),Manetheren,Phase 3: strip '(historical)' suffix. Manetheren is a destroyed nation but origin-identification is still meaningful (character has Manetheren heritage).
C:\Users\javie\OneDrive\Documents\Dev_projects\wot-directory\db\wot_book2.db,55,Eldrene ay Ellan ay Carlan,Manetheren (historical),Manetheren,Phase 3: strip '(historical)' suffix. Manetheren is a destroyed nation but origin-identification is still meaningful (character has Manetheren heritage).
C:\Users\javie\OneDrive\Documents\Dev_projects\wot-directory\db\wot_book2.db,88,Caar,Manetheren (historical),Manetheren,Phase 3: strip '(historical)' suffix. Manetheren is a destroyed nation but origin-identification is still meaningful (character has Manetheren heritage).
C:\Users\javie\OneDrive\Documents\Dev_projects\wot-directory\db\wot_book2.db,90,Thorin al'Toren al Ban,Manetheren (historical),Manetheren,Phase 3: strip '(historical)' suffix. Manetheren is a destroyed nation but origin-identification is still meaningful (character has Manetheren heritage).
C:\Users\javie\OneDrive\Documents\Dev_projects\wot-directory\db\wot_book2.db,213,Ellisande,Manetheren (historical),Manetheren,Phase 3: strip '(historical)' suffix. Manetheren is a destroyed nation but origin-identification is still meaningful (character has Manetheren heritage).
C:\Users\javie\OneDrive\Documents\Dev_projects\wot-directory\db\wot_book2.db,86,Mordeth,Aridhol (historical),Aridhol,Phase 3: strip '(historical)' suffix. Aridhol is a destroyed/cursed nation but origin-identification remains meaningful.
C:\Users\javie\OneDrive\Documents\Dev_projects\wot-directory\db\wot_book2.db,87,Balwen Mayel,Aridhol (historical),Aridhol,Phase 3: strip '(historical)' suffix. Aridhol is a destroyed/cursed nation but origin-identification remains meaningful.
C:\Users\javie\OneDrive\Documents\Dev_projects\wot-directory\db\wot_book2.db,120,Howal Gode,Whitebridge (from context),"Whitebridge, Andor",Phase 3: strip 'from context' hedge and apply compound-hierarchy. Howal Gode pattern; consistent with book-3 application.
C:\Users\javie\OneDrive\Documents\Dev_projects\wot-directory\db\wot_book2.db,195,Alwyn al'Van,Two Rivers (Emond's Field),"Emond's Field, Two Rivers, Andor","Phase 3: compound-hierarchy expansion: village, region, nation. Consistent with book-3 application."
C:\Users\javie\OneDrive\Documents\Dev_projects\wot-directory\db\wot_book2.db,232,Whatley Eldin,Two Rivers (Emond's Field),"Emond's Field, Two Rivers, Andor","Phase 3: compound-hierarchy expansion: village, region, nation. Consistent with book-3 application."
C:\Users\javie\OneDrive\Documents\Dev_projects\wot-directory\db\wot_book2.db,104,Wil al'Seen,Two Rivers (from Deven Ride),"Deven Ride, Two Rivers, Andor","Phase 3: compound-hierarchy expansion: village, region, nation. Consistent with book-3 application."
C:\Users\javie\OneDrive\Documents\Dev_projects\wot-directory\db\wot_book2.db,248,Malena Aylar,Two Rivers (from Watch Hill),"Watch Hill, Two Rivers, Andor","Phase 3: compound-hierarchy expansion: village, region, nation. Consistent with book-3 application."
C:\Users\javie\OneDrive\Documents\Dev_projects\wot-directory\db\wot_book2.db,236,Maglin Madwen,"Lugard (originally), married a Cairhienin","Lugard, Murandy",Phase 3: strip marriage context; apply compound-hierarchy. Lugard is the capital of Murandy. Consistent with book-3 application.
C:\Users\javie\OneDrive\Documents\Dev_projects\wot-directory\db\wot_book2.db,143,Galadedrid Damodred,Cairhienin (by father) / Andoran (by upbringing),Andor,Phase 3: Galadedrid Damodred. Collapse compound; upbringing in Andor is primary identity. Consistent with book-3 application.
C:\Users\javie\OneDrive\Documents\Dev_projects\wot-directory\db\wot_book3.db,60,Avin,Baerlon (presumably),"Baerlon, Andor",Phase 3: strip '(presumably)' hedge and apply compound-hierarchy: Baerlon is a town in Andor.
C:\Users\javie\OneDrive\Documents\Dev_projects\wot-directory\db\wot_book3.db,61,Master Fitch,Baerlon (presumably),"Baerlon, Andor",Phase 3: strip '(presumably)' hedge and apply compound-hierarchy: Baerlon is a town in Andor.
C:\Users\javie\OneDrive\Documents\Dev_projects\wot-directory\db\wot_book3.db,62,Mutch,Baerlon (presumably),"Baerlon, Andor",Phase 3: strip '(presumably)' hedge and apply compound-hierarchy: Baerlon is a town in Andor.
C:\Users\javie\OneDrive\Documents\Dev_projects\wot-directory\db\wot_book3.db,64,Min,Baerlon (presumably),"Baerlon, Andor",Phase 3: strip '(presumably)' hedge and apply compound-hierarchy: Baerlon is a town in Andor.
C:\Users\javie\OneDrive\Documents\Dev_projects\wot-directory\db\wot_book3.db,68,Mari,Baerlon (presumably),"Baerlon, Andor",Phase 3: strip '(presumably)' hedge and apply compound-hierarchy: Baerlon is a town in Andor.
C:\Users\javie\OneDrive\Documents\Dev_projects\wot-directory\db\wot_book3.db,69,Cinda,Baerlon (presumably),"Baerlon, Andor",Phase 3: strip '(presumably)' hedge and apply compound-hierarchy: Baerlon is a town in Andor.
C:\Users\javie\OneDrive\Documents\Dev_projects\wot-directory\db\wot_book3.db,75,Sara,Baerlon (presumably),"Baerlon, Andor",Phase 3: strip '(presumably)' hedge and apply compound-hierarchy: Baerlon is a town in Andor.
C:\Users\javie\OneDrive\Documents\Dev_projects\wot-directory\db\wot_book3.db,63,Ara,Baerlon,"Baerlon, Andor",Phase 3: bare Baerlon -> compound-hierarchy with nation. Baerlon is a town in Andor.
C:\Users\javie\OneDrive\Documents\Dev_projects\wot-directory\db\wot_book3.db,66,Governor Adan,Baerlon,"Baerlon, Andor",Phase 3: bare Baerlon -> compound-hierarchy with nation. Baerlon is a town in Andor.
C:\Users\javie\OneDrive\Documents\Dev_projects\wot-directory\db\wot_book3.db,84,Arin,Baerlon,"Baerlon, Andor",Phase 3: bare Baerlon -> compound-hierarchy with nation. Baerlon is a town in Andor.
C:\Users\javie\OneDrive\Documents\Dev_projects\wot-directory\db\wot_book3.db,85,Dar,Baerlon,"Baerlon, Andor",Phase 3: bare Baerlon -> compound-hierarchy with nation. Baerlon is a town in Andor.
C:\Users\javie\OneDrive\Documents\Dev_projects\wot-directory\db\wot_book3.db,16,Thom Merrilin,from Baerlon area,"Baerlon, Andor",Phase 3: strip 'from ... area' style; apply compound-hierarchy. Baerlon is a town in Andor.
C:\Users\javie\OneDrive\Documents\Dev_projects\wot-directory\db\wot_book3.db,239,Catrine,Cairhienin (presumably),Cairhien,Phase 3: strip '(presumably)' hedge and normalize demonym to place name.
C:\Users\javie\OneDrive\Documents\Dev_projects\wot-directory\db\wot_book3.db,240,Lidan,Cairhienin (presumably),Cairhien,Phase 3: strip '(presumably)' hedge and normalize demonym to place name.
C:\Users\javie\OneDrive\Documents\Dev_projects\wot-directory\db\wot_book3.db,262,Seaghan,Cairhienin (presumably),Cairhien,Phase 3: strip '(presumably)' hedge and normalize demonym to place name.
C:\Users\javie\OneDrive\Documents\Dev_projects\wot-directory\db\wot_book3.db,263,Ivon,Cairhienin (presumably),Cairhien,Phase 3: strip '(presumably)' hedge and normalize demonym to place name.
C:\Users\javie\OneDrive\Documents\Dev_projects\wot-directory\db\wot_book3.db,264,Lady Arilyn,Cairhienin (presumably),Cairhien,Phase 3: strip '(presumably)' hedge and normalize demonym to place name.
C:\Users\javie\OneDrive\Documents\Dev_projects\wot-directory\db\wot_book3.db,160,Ramey,Andoran (presumably),Andor,Phase 3: strip '(presumably)' hedge and normalize demonym to place name.
C:\Users\javie\OneDrive\Documents\Dev_projects\wot-directory\db\wot_book3.db,413,Coline,Andoran (presumably),Andor,Phase 3: strip '(presumably)' hedge and normalize demonym to place name.
C:\Users\javie\OneDrive\Documents\Dev_projects\wot-directory\db\wot_book3.db,242,Mother Caredwain,Tremonsien (presumably),Tremonsien,Phase 3: strip '(presumably)' hedge. Tremonsien is a place name (village/town); kept bare.
C:\Users\javie\OneDrive\Documents\Dev_projects\wot-directory\db\wot_book3.db,54,Aemon al Caar al Thorin,Manetheren (historical),Manetheren,Phase 3: strip '(historical)' suffix. Manetheren is a destroyed nation but origin-identification is still meaningful (character has Manetheren heritage).
C:\Users\javie\OneDrive\Documents\Dev_projects\wot-directory\db\wot_book3.db,55,Eldrene ay Ellan ay Carlan,Manetheren (historical),Manetheren,Phase 3: strip '(historical)' suffix. Manetheren is a destroyed nation but origin-identification is still meaningful (character has Manetheren heritage).
C:\Users\javie\OneDrive\Documents\Dev_projects\wot-directory\db\wot_book3.db,88,Caar,Manetheren (historical),Manetheren,Phase 3: strip '(historical)' suffix. Manetheren is a destroyed nation but origin-identification is still meaningful (character has Manetheren heritage).
C:\Users\javie\OneDrive\Documents\Dev_projects\wot-directory\db\wot_book3.db,90,Thorin al'Toren al Ban,Manetheren (historical),Manetheren,Phase 3: strip '(historical)' suffix. Manetheren is a destroyed nation but origin-identification is still meaningful (character has Manetheren heritage).
C:\Users\javie\OneDrive\Documents\Dev_projects\wot-directory\db\wot_book3.db,213,Ellisande,Manetheren (historical),Manetheren,Phase 3: strip '(historical)' suffix. Manetheren is a destroyed nation but origin-identification is still meaningful (character has Manetheren heritage).
C:\Users\javie\OneDrive\Documents\Dev_projects\wot-directory\db\wot_book3.db,86,Mordeth,Aridhol (historical),Aridhol,Phase 3: strip '(historical)' suffix. Aridhol is a destroyed/cursed nation but origin-identification remains meaningful.
C:\Users\javie\OneDrive\Documents\Dev_projects\wot-directory\db\wot_book3.db,87,Balwen Mayel,Aridhol (historical),Aridhol,Phase 3: strip '(historical)' suffix. Aridhol is a destroyed/cursed nation but origin-identification remains meaningful.
C:\Users\javie\OneDrive\Documents\Dev_projects\wot-directory\db\wot_book1.db,105,Bartim,Whitebridge,"Whitebridge, Andor",Phase 3.5: bare 'Whitebridge' -> compound-hierarchy with nation. Whitebridge is a town in Andor.
C:\Users\javie\OneDrive\Documents\Dev_projects\wot-directory\db\wot_book1.db,57,Master Hightower,Taren Ferry,"Taren Ferry, Two Rivers, Andor","Phase 3.5: bare 'Taren Ferry' -> compound-hierarchy: village, region, nation. Taren Ferry is a village in the Two Rivers (Andor)."
C:\Users\javie\OneDrive\Documents\Dev_projects\wot-directory\db\wot_book2.db,105,Bartim,Whitebridge,"Whitebridge, Andor",Phase 3.5: bare 'Whitebridge' -> compound-hierarchy with nation. Whitebridge is a town in Andor.
C:\Users\javie\OneDrive\Documents\Dev_projects\wot-directory\db\wot_book2.db,57,Master Hightower,Taren Ferry,"Taren Ferry, Two Rivers, Andor","Phase 3.5: bare 'Taren Ferry' -> compound-hierarchy: village, region, nation. Taren Ferry is a village in the Two Rivers (Andor)."
C:\Users\javie\OneDrive\Documents\Dev_projects\wot-directory\db\wot_book3.db,105,Bartim,Whitebridge,"Whitebridge, Andor",Phase 3.5: bare 'Whitebridge' -> compound-hierarchy with nation. Whitebridge is a town in Andor.
C:\Users\javie\OneDrive\Documents\Dev_projects\wot-directory\db\wot_book3.db,57,Master Hightower,Taren Ferry,"Taren Ferry, Two Rivers, Andor","Phase 3.5: bare 'Taren Ferry' -> compound-hierarchy: village, region, nation. Taren Ferry is a village in the Two Rivers (Andor)."
C:\Users\javie\OneDrive\Documents\Dev_projects\wot-directory\db\wot_book2.db,34,Padan Fain,Lugarder,"Lugard, Murandy",Phase 4: 'Lugarder' is the demonym for someone from Lugard. Normalize to compound-hierarchy: Lugard is the capital of Murandy. Padan Fain pattern.
C:\Users\javie\OneDrive\Documents\Dev_projects\wot-directory\db\wot_book3.db,34,Padan Fain,Lugarder,"Lugard, Murandy",Phase 4: 'Lugarder' is the demonym for someone from Lugard. Normalize to compound-hierarchy: Lugard is the capital of Murandy. Padan Fain pattern.
C:\Users\javie\OneDrive\Documents\Dev_projects\wot-directory\db\wot_book1.db,89,Rhea,Borderlands (historical),,Phase 5 scrub: Rhea row. Text describes Aemon meeting her in the Borderlands; she is local to that area but text does not establish her as a Borderlands native. Origin not stated. Consistent with book-3 prior decision.
C:\Users\javie\OneDrive\Documents\Dev_projects\wot-directory\db\wot_book1.db,129,Elaida,unknown (from Tar Valon),,"Phase 5 scrub: Elaida row. 'Tar Valon' is institutional inference (Aes Sedai HQ), not personal origin. Consistent with book-3 prior decision."
C:\Users\javie\OneDrive\Documents\Dev_projects\wot-directory\db\wot_book1.db,25,Moiraine,unknown (not Two Rivers),,"Phase 5 scrub: Moiraine row in book 1. Her Cairhienin origin is not established until book 2 ('Royal Palace of Cairhien'); per spoiler-architecture, book 1 reader does not know it. NULL is correct for book 1."
C:\Users\javie\OneDrive\Documents\Dev_projects\wot-directory\db\wot_book2.db,89,Rhea,Borderlands (historical),,Phase 5 scrub: Rhea row. Text describes Aemon meeting her in the Borderlands; she is local to that area but text does not establish her as a Borderlands native. Origin not stated. Consistent with book-3 prior decision.
C:\Users\javie\OneDrive\Documents\Dev_projects\wot-directory\db\wot_book2.db,290,Luthair,Seanchan (historical),,"Phase 5 scrub: Luthair/Deain rows. They founded Seanchan / joined the founding expedition; 'Seanchan' is institutional, not personal origin. Consistent with book-3 prior decision."
C:\Users\javie\OneDrive\Documents\Dev_projects\wot-directory\db\wot_book2.db,307,Deain,Seanchan (historical),,"Phase 5 scrub: Luthair/Deain rows. They founded Seanchan / joined the founding expedition; 'Seanchan' is institutional, not personal origin. Consistent with book-3 prior decision."
C:\Users\javie\OneDrive\Documents\Dev_projects\wot-directory\db\wot_book2.db,129,Elaida,unknown (from Tar Valon),,"Phase 5 scrub: Elaida row. 'Tar Valon' is institutional inference (Aes Sedai HQ), not personal origin. Consistent with book-3 prior decision."
C:\Users\javie\OneDrive\Documents\Dev_projects\wot-directory\db\wot_book2.db,277,the damane,"unknown (local woman, captured)",,Phase 5 scrub: the damane row. The hedge encodes 'locally captured by Seanchan' but no specific named origin. Placeholder removed.
C:\Users\javie\OneDrive\Documents\Dev_projects\wot-directory\db\wot_book3.db,348,Rosel of Essam,unknown; from Essam,Essam,"Phase 5 conversion: Rosel of Essam row. 'Essam' is a verbatim text-named historical place of origin (Bk3 Ch21: 'Rosel of Essam'). Same category as Buad of Albhain, Blaes of Matuchin, Rogosh of Talmour. Strip 'unknown;' hedge, keep bare place name."
